\BOOKMARK [0][-]{chapter.1}{\376\377\000G\000r\000o\000u\000p\000i\000n\000g\000\040\000A\000:\000\040\000T\000h\000e\000\040\000G\000r\000o\000u\000n\000d\000\040\000F\000l\000o\000o\000r\000\040\000o\000f\000\040\000D\000i\000s\000t\000i\000n\000c\000t\000i\000o\000n\000\040\000\050\000E\000p\000i\000s\000o\000d\000e\000s\000\040\0001\040\023\0005\000\051}{}% 1
\BOOKMARK [1][-]{section.1.1}{\376\377\000T\000h\000e\000\040\000S\000y\000m\000b\000o\000l\000\040\000a\000n\000d\000\040\000D\000e\000c\000i\000d\000a\000b\000l\000e\000\040\000E\000q\000u\000a\000l\000i\000t\000y}{chapter.1}% 2
\BOOKMARK [1][-]{section.1.2}{\376\377\000C\000o\000n\000s\000t\000r\000u\000c\000t\000i\000n\000g\000\040\000N\000a\000t\000u\000r\000a\000l\000\040\000N\000u\000m\000b\000e\000r\000s\000\040\000a\000n\000d\000\040\000O\000r\000d\000e\000r}{chapter.1}% 3
\BOOKMARK [0][-]{chapter.2}{\376\377\000G\000r\000o\000u\000p\000i\000n\000g\000\040\000B\000:\000\040\000D\000i\000s\000c\000r\000e\000t\000e\000\040\000S\000e\000t\000\040\000a\000n\000d\000\040\000R\000e\000p\000r\000e\000s\000e\000n\000t\000a\000t\000i\000o\000n\000\040\000T\000o\000w\000e\000r\000s\000\040\000\050\000E\000p\000i\000s\000o\000d\000e\000s\000\040\0006\040\023\0001\0000\000\051}{}% 4
\BOOKMARK [1][-]{section.2.1}{\376\377\000A\000d\000m\000i\000s\000s\000i\000b\000i\000l\000i\000t\000y\000\040\000a\000n\000d\000\040\000C\000o\000u\000n\000t\000a\000b\000i\000l\000i\000t\000y}{chapter.2}% 5
\BOOKMARK [1][-]{section.2.2}{\376\377\000R\000e\000a\000l\000s\000\040\000a\000s\000\040\000C\000a\000u\000c\000h\000y\000\040\000T\000o\000w\000e\000r\000s}{chapter.2}% 6
\BOOKMARK [0][-]{chapter.3}{\376\377\000G\000r\000o\000u\000p\000i\000n\000g\000\040\000C\000:\000\040\000C\000o\000m\000m\000u\000t\000a\000t\000o\000r\000s\000,\000\040\000T\000r\000a\000n\000s\000p\000o\000r\000t\000,\000\040\000a\000n\000d\000\040\000C\000u\000r\000v\000a\000t\000u\000r\000e\000\040\000\050\000E\000p\000i\000s\000o\000d\000e\000s\000\040\0001\0001\040\023\0001\0005\000\051}{}% 7
\BOOKMARK [1][-]{section.3.1}{\376\377\000C\000o\000v\000a\000r\000i\000a\000n\000t\000\040\000C\000o\000n\000n\000e\000c\000t\000i\000o\000n\000\040\000a\000n\000d\000\040\000T\000r\000a\000n\000s\000p\000o\000r\000t}{chapter.3}% 8
\BOOKMARK [1][-]{section.3.2}{\376\377\000T\000h\000e\000\040\000U\000n\000-\000E\000l\000i\000m\000i\000n\000a\000b\000l\000e\000\040\000R\000e\000s\000i\000d\000u\000e}{chapter.3}% 9
\BOOKMARK [0][-]{chapter.4}{\376\377\000G\000r\000o\000u\000p\000i\000n\000g\000\040\000D\000:\000\040\000T\000h\000e\000\040\000N\000a\000m\000i\000n\000g\000\040\000C\000o\000r\000r\000i\000d\000o\000r\000\040\000\050\000E\000p\000i\000s\000o\000d\000e\000s\000\040\0001\0006\040\023\0002\0003\000\051}{}% 10
\BOOKMARK [1][-]{section.4.1}{\376\377\000T\000h\000e\000\040\000B\000a\000c\000k\000w\000a\000r\000d\000\040\000D\000e\000s\000c\000e\000n\000t}{chapter.4}% 11
\BOOKMARK [1][-]{section.4.2}{\376\377\000T\000r\000a\000n\000s\000i\000t\000i\000o\000n\000\040\000C\000o\000r\000r\000i\000d\000o\000r\000s\000\040\000a\000n\000d\000\040\000S\000t\000a\000b\000l\000e\000\040\000R\000e\000a\000d\000i\000n\000g\000s}{chapter.4}% 12
\BOOKMARK [0][-]{chapter.5}{\376\377\000G\000r\000o\000u\000p\000i\000n\000g\000\040\000E\000:\000\040\000L\000o\000r\000e\000n\000t\000z\000,\000\040\000S\000p\000i\000n\000-\0001\000/\0002\000,\000\040\000a\000n\000d\000\040\000D\000i\000r\000a\000c\000\040\000O\000p\000e\000r\000a\000t\000o\000r\000s\000\040\000\050\000E\000p\000i\000s\000o\000d\000e\000s\000\040\0002\0004\040\023\0003\0000\000\051}{}% 13
\BOOKMARK [1][-]{section.5.1}{\376\377\000T\000h\000e\000\040\000D\000i\000r\000a\000c\000\040\000O\000p\000e\000r\000a\000t\000o\000r}{chapter.5}% 14
\BOOKMARK [1][-]{section.5.2}{\376\377\000T\000h\000e\000\040\000A\000d\000m\000i\000s\000s\000i\000b\000i\000l\000i\000t\000y\000\040\000T\000h\000e\000o\000r\000e\000m}{chapter.5}% 15
\BOOKMARK [0][-]{chapter.6}{\376\377\000G\000r\000o\000u\000p\000i\000n\000g\000\040\000F\000:\000\040\000P\000r\000o\000x\000i\000m\000i\000t\000y\000,\000\040\000P\000h\000o\000t\000o\000e\000l\000e\000c\000t\000r\000i\000c\000,\000\040\000a\000n\000d\000\040\000C\000a\000v\000e\000n\000d\000i\000s\000h\000\040\000\050\000E\000p\000i\000s\000o\000d\000e\000s\000\040\0003\0001\040\023\0003\0004\000\051}{}% 16
\BOOKMARK [1][-]{section.6.1}{\376\377\000C\000a\000v\000e\000n\000d\000i\000s\000h\000\040\000B\000a\000l\000a\000n\000c\000e\000\040\000a\000n\000d\000\040\000P\000r\000o\000x\000i\000m\000i\000t\000y}{chapter.6}% 17
\BOOKMARK [1][-]{section.6.2}{\376\377\000T\000h\000e\000\040\000P\000h\000o\000t\000o\000e\000l\000e\000c\000t\000r\000i\000c\000\040\000L\000i\000m\000i\000t}{chapter.6}% 18
\BOOKMARK [0][-]{chapter.7}{\376\377\000G\000r\000o\000u\000p\000i\000n\000g\000\040\000G\000:\000\040\000T\000h\000e\000\040\000S\000e\000c\000o\000n\000d\000\040\000V\000a\000r\000i\000a\000t\000i\000o\000n\000\040\000a\000n\000d\000\040\000D\000i\000m\000e\000n\000s\000i\000o\000n\000l\000e\000s\000s\000\040\000C\000o\000u\000p\000l\000i\000n\000g\000\040\000\050\000E\000p\000i\000s\000o\000d\000e\000s\000\040\0003\0005\040\023\0004\0000\000\051}{}% 19
\BOOKMARK [1][-]{section.7.1}{\376\377\000T\000h\000e\000\040\000S\000e\000c\000o\000n\000d\000\040\000V\000a\000r\000i\000a\000t\000i\000o\000n}{chapter.7}% 20
\BOOKMARK [1][-]{section.7.2}{\376\377\000M\000a\000x\000w\000e\000l\000l\000\040\000a\000n\000d\000\040\000M\000e\000i\000s\000s\000n\000e\000r\000\040\000B\000o\000u\000n\000d\000a\000r\000i\000e\000s}{chapter.7}% 21
\BOOKMARK [0][-]{chapter.8}{\376\377\000G\000r\000o\000u\000p\000i\000n\000g\000\040\000H\000:\000\040\000S\000u\000r\000f\000a\000c\000e\000\040\000I\000n\000s\000t\000r\000u\000m\000e\000n\000t\000s\000\040\000a\000n\000d\000\040\000C\000a\000l\000i\000b\000r\000a\000t\000i\000o\000n}{}% 22
\BOOKMARK [1][-]{section.8.1}{\376\377\000T\000h\000e\000\040\000T\000w\000o\000\040\000D\000e\000s\000c\000r\000i\000p\000t\000i\000o\000n\000s}{chapter.8}% 23
\BOOKMARK [1][-]{section.8.2}{\376\377\000T\000h\000e\000\040\000C\000l\000i\000f\000f\000o\000r\000d\000\040\000S\000h\000a\000d\000o\000w\000\040\000a\000n\000d\000\040\000i\000t\000s\000\040\000C\000l\000o\000s\000u\000r\000e}{chapter.8}% 24
\BOOKMARK [2][-]{subsection.8.2.1}{\376\377\000R\000i\000g\000o\000r\000o\000u\000s\000\040\000P\000r\000o\000o\000f\000\040\000o\000f\000\040\000A\000l\000g\000e\000b\000r\000a\000\040\000C\000l\000o\000s\000u\000r\000e}{section.8.2}% 25
\BOOKMARK [1][-]{section.8.3}{\376\377\000S\000t\000e\000r\000n\000-\000B\000r\000o\000c\000o\000t\000\040\000M\000e\000d\000i\000a\000n\000t\000\040\000D\000e\000s\000c\000e\000n\000t\000\040\000a\000n\000d\000\040\000t\000h\000e\000\040\000O\000p\000e\000n\000\040\000J\000a\000r}{chapter.8}% 26
\BOOKMARK [1][-]{section.8.4}{\376\377\000P\000a\000t\000h\000\040\000C\000a\000l\000i\000b\000r\000a\000t\000i\000o\000n\000\040\000a\000n\000d\000\040\000F\000i\000n\000i\000t\000e\000n\000e\000s\000s\000\040\000F\000e\000n\000c\000e}{chapter.8}% 27
\BOOKMARK [0][-]{chapter.9}{\376\377\000T\000h\000e\000\040\000C\000o\000m\000p\000l\000e\000t\000e\000\040\000L\000e\000d\000g\000e\000r\000\040\000o\000f\000\040\000L\000o\000g\000i\000c\000a\000l\000\040\000D\000e\000c\000l\000a\000r\000a\000t\000i\000o\000n\000s}{}% 28
\BOOKMARK [1][-]{section.9.1}{\376\377\000F\000i\000l\000e\000:\000\040\000E\000p\000i\000s\000o\000d\000e\0001\000.\000l\000e\000a\000n}{chapter.9}% 29
\BOOKMARK [2][-]{subsection.9.1.1}{\376\377\000C\000l\000a\000s\000s\000\040\000F\000a\000c\000t\000\040\000\050\000L\000i\000n\000e\000\040\0007\0005\000\051}{section.9.1}% 30
\BOOKMARK [2][-]{subsection.9.1.2}{\376\377\000I\000n\000d\000u\000c\000t\000i\000v\000e\000\040\000N\000u\000m\000b\000e\000r\000\040\000\050\000L\000i\000n\000e\000\040\0001\0003\0001\000\051}{section.9.1}% 31
\BOOKMARK [2][-]{subsection.9.1.3}{\376\377\000I\000n\000s\000t\000a\000n\000c\000e\000\040\000:\000\040\000L\000E\000\040\000N\000u\000m\000b\000e\000r\000\040\000w\000h\000e\000r\000e\000\040\000\050\000L\000i\000n\000e\000\040\0002\0003\0002\000\051}{section.9.1}% 32
\BOOKMARK [2][-]{subsection.9.1.4}{\376\377\000S\000t\000r\000u\000c\000t\000u\000r\000e\000\040\000C\000a\000r\000r\000i\000e\000r\000P\000r\000o\000c\000e\000s\000s\000\040\000\050\000L\000i\000n\000e\000\040\0002\0003\0009\000\051}{section.9.1}% 33
\BOOKMARK [2][-]{subsection.9.1.5}{\376\377\000C\000l\000a\000s\000s\000\040\000D\000I\000S\000T\000I\000N\000G\000U\000I\000S\000H\000A\000B\000L\000E\000\040\000\050\000L\000i\000n\000e\000\040\0002\0007\0007\000\051}{section.9.1}% 34
\BOOKMARK [2][-]{subsection.9.1.6}{\376\377\000I\000n\000d\000u\000c\000t\000i\000v\000e\000\040\000N\000a\000t\000u\000r\000a\000l\000\040\000\050\000L\000i\000n\000e\000\040\0003\0003\0000\000\051}{section.9.1}% 35
\BOOKMARK [2][-]{subsection.9.1.7}{\376\377\000I\000n\000s\000t\000a\000n\000c\000e\000\040\000:\000\040\000L\000E\000\040\000N\000a\000t\000u\000r\000a\000l\000\040\000w\000h\000e\000r\000e\000\040\000\050\000L\000i\000n\000e\000\040\0003\0006\0002\000\051}{section.9.1}% 36
\BOOKMARK [2][-]{subsection.9.1.8}{\376\377\000I\000n\000s\000t\000a\000n\000c\000e\000\040\000:\000\040\000L\000T\000\040\000N\000a\000t\000u\000r\000a\000l\000\040\000w\000h\000e\000r\000e\000\040\000\050\000L\000i\000n\000e\000\040\0003\0006\0006\000\051}{section.9.1}% 37
\BOOKMARK [2][-]{subsection.9.1.9}{\376\377\000S\000t\000r\000u\000c\000t\000u\000r\000e\000\040\000C\000o\000u\000n\000t\000i\000n\000g\000P\000r\000o\000c\000e\000s\000s\000\040\000\050\000L\000i\000n\000e\000\040\0003\0009\0003\000\051}{section.9.1}% 38
\BOOKMARK [2][-]{subsection.9.1.10}{\376\377\000C\000l\000a\000s\000s\000\040\000A\000D\000M\000I\000S\000S\000I\000B\000L\000E\000\040\000\050\000L\000i\000n\000e\000\040\0004\0007\0006\000\051}{section.9.1}% 39
\BOOKMARK [2][-]{subsection.9.1.11}{\376\377\000I\000n\000d\000u\000c\000t\000i\000v\000e\000\040\000R\000a\000t\000i\000o\000n\000a\000l\000\040\000\050\000L\000i\000n\000e\000\040\0005\0003\0000\000\051}{section.9.1}% 40
\BOOKMARK [2][-]{subsection.9.1.12}{\376\377\000I\000n\000s\000t\000a\000n\000c\000e\000\040\000:\000\040\000L\000E\000\040\000R\000a\000t\000i\000o\000n\000a\000l\000\040\000w\000h\000e\000r\000e\000\040\000\050\000L\000i\000n\000e\000\040\0005\0008\0002\000\051}{section.9.1}% 41
\BOOKMARK [2][-]{subsection.9.1.13}{\376\377\000I\000n\000s\000t\000a\000n\000c\000e\000\040\000:\000\040\000L\000T\000\040\000R\000a\000t\000i\000o\000n\000a\000l\000\040\000w\000h\000e\000r\000e\000\040\000\050\000L\000i\000n\000e\000\040\0005\0008\0005\000\051}{section.9.1}% 42
\BOOKMARK [2][-]{subsection.9.1.14}{\376\377\000S\000t\000r\000u\000c\000t\000u\000r\000e\000\040\000I\000n\000d\000e\000x\000i\000n\000g\000P\000r\000o\000c\000e\000s\000s\000\040\000\050\000L\000i\000n\000e\000\040\0006\0001\0003\000\051}{section.9.1}% 43
\BOOKMARK [2][-]{subsection.9.1.15}{\376\377\000C\000l\000a\000s\000s\000\040\000C\000O\000U\000N\000T\000A\000B\000L\000E\000\040\000\050\000L\000i\000n\000e\000\040\0006\0009\0007\000\051}{section.9.1}% 44
\BOOKMARK [2][-]{subsection.9.1.16}{\376\377\000I\000n\000d\000u\000c\000t\000i\000v\000e\000\040\000S\000e\000q\000u\000e\000n\000c\000e\000\040\000\050\000L\000i\000n\000e\000\040\0008\0000\0000\000\051}{section.9.1}% 45
\BOOKMARK [2][-]{subsection.9.1.17}{\376\377\000I\000n\000s\000t\000a\000n\000c\000e\000\040\000:\000\040\000L\000E\000\040\000S\000e\000q\000u\000e\000n\000c\000e\000\040\000w\000h\000e\000r\000e\000\040\000\050\000L\000i\000n\000e\000\040\0008\0004\0009\000\051}{section.9.1}% 46
\BOOKMARK [2][-]{subsection.9.1.18}{\376\377\000I\000n\000s\000t\000a\000n\000c\000e\000\040\000:\000\040\000L\000T\000\040\000S\000e\000q\000u\000e\000n\000c\000e\000\040\000w\000h\000e\000r\000e\000\040\000\050\000L\000i\000n\000e\000\040\0008\0005\0002\000\051}{section.9.1}% 47
\BOOKMARK [2][-]{subsection.9.1.19}{\376\377\000S\000t\000r\000u\000c\000t\000u\000r\000e\000\040\000L\000i\000m\000i\000t\000P\000r\000o\000c\000e\000s\000s\000\040\000\050\000L\000i\000n\000e\000\040\0008\0009\0004\000\051}{section.9.1}% 48
\BOOKMARK [2][-]{subsection.9.1.20}{\376\377\000C\000l\000a\000s\000s\000\040\000E\000N\000C\000O\000D\000E\000D\000\040\000\050\000L\000i\000n\000e\000\040\0009\0007\0000\000\051}{section.9.1}% 49
\BOOKMARK [2][-]{subsection.9.1.21}{\376\377\000I\000n\000d\000u\000c\000t\000i\000v\000e\000\040\000L\000i\000m\000i\000t\000\040\000\050\000L\000i\000n\000e\000\040\0001\0000\0001\0001\000\051}{section.9.1}% 50
\BOOKMARK [2][-]{subsection.9.1.22}{\376\377\000I\000n\000s\000t\000a\000n\000c\000e\000\040\000:\000\040\000L\000E\000\040\000L\000i\000m\000i\000t\000\040\000w\000h\000e\000r\000e\000\040\000\050\000L\000i\000n\000e\000\040\0001\0000\0006\0007\000\051}{section.9.1}% 51
\BOOKMARK [2][-]{subsection.9.1.23}{\376\377\000I\000n\000s\000t\000a\000n\000c\000e\000\040\000:\000\040\000L\000T\000\040\000L\000i\000m\000i\000t\000\040\000w\000h\000e\000r\000e\000\040\000\050\000L\000i\000n\000e\000\040\0001\0000\0007\0000\000\051}{section.9.1}% 52
\BOOKMARK [2][-]{subsection.9.1.24}{\376\377\000S\000t\000r\000u\000c\000t\000u\000r\000e\000\040\000C\000a\000u\000c\000h\000y\000P\000r\000o\000c\000e\000s\000s\000\040\000\050\000L\000i\000n\000e\000\040\0001\0000\0009\0005\000\051}{section.9.1}% 53
\BOOKMARK [2][-]{subsection.9.1.25}{\376\377\000C\000l\000a\000s\000s\000\040\000R\000E\000S\000I\000D\000U\000E\000\040\000\050\000L\000i\000n\000e\000\040\0001\0001\0003\0009\000\051}{section.9.1}% 54
\BOOKMARK [2][-]{subsection.9.1.26}{\376\377\000I\000n\000d\000u\000c\000t\000i\000v\000e\000\040\000S\000a\000m\000p\000l\000e\000\040\000\050\000L\000i\000n\000e\000\040\0001\0001\0008\0007\000\051}{section.9.1}% 55
\BOOKMARK [2][-]{subsection.9.1.27}{\376\377\000I\000n\000s\000t\000a\000n\000c\000e\000\040\000:\000\040\000L\000E\000\040\000S\000a\000m\000p\000l\000e\000\040\000w\000h\000e\000r\000e\000\040\000\050\000L\000i\000n\000e\000\040\0001\0002\0004\0001\000\051}{section.9.1}% 56
\BOOKMARK [2][-]{subsection.9.1.28}{\376\377\000I\000n\000s\000t\000a\000n\000c\000e\000\040\000:\000\040\000L\000T\000\040\000S\000a\000m\000p\000l\000e\000\040\000w\000h\000e\000r\000e\000\040\000\050\000L\000i\000n\000e\000\040\0001\0002\0004\0004\000\051}{section.9.1}% 57
\BOOKMARK [1][-]{section.9.2}{\376\377\000F\000i\000l\000e\000:\000\040\000E\000p\000i\000s\000o\000d\000e\0002\000.\000l\000e\000a\000n}{chapter.9}% 58
\BOOKMARK [2][-]{subsection.9.2.1}{\376\377\000S\000t\000r\000u\000c\000t\000u\000r\000e\000\040\000O\000b\000s\000e\000r\000v\000a\000t\000i\000o\000n\000P\000r\000o\000c\000e\000s\000s\000\040\000\050\000L\000i\000n\000e\000\040\0001\0003\0009\000\051}{section.9.2}% 59
\BOOKMARK [2][-]{subsection.9.2.2}{\376\377\000C\000l\000a\000s\000s\000\040\000B\000I\000N\000A\000R\000Y\000\040\000\050\000L\000i\000n\000e\000\040\0002\0004\0003\000\051}{section.9.2}% 60
\BOOKMARK [2][-]{subsection.9.2.3}{\376\377\000I\000n\000d\000u\000c\000t\000i\000v\000e\000\040\000T\000r\000i\000a\000l\000\040\000\050\000L\000i\000n\000e\000\040\0003\0008\0001\000\051}{section.9.2}% 61
\BOOKMARK [2][-]{subsection.9.2.4}{\376\377\000I\000n\000s\000t\000a\000n\000c\000e\000\040\000:\000\040\000L\000E\000\040\000T\000r\000i\000a\000l\000\040\000:\000=\000\040\047\350\000T\000r\000i\000a\000l\000.\000l\000e\047\351\000\040\000\050\000L\000i\000n\000e\000\040\0004\0004\0002\000\051}{section.9.2}% 62
\BOOKMARK [2][-]{subsection.9.2.5}{\376\377\000I\000n\000s\000t\000a\000n\000c\000e\000\040\000:\000\040\000L\000T\000\040\000T\000r\000i\000a\000l\000\040\000:\000=\000\040\047\350\000T\000r\000i\000a\000l\000.\000l\000t\047\351\000\040\000\050\000L\000i\000n\000e\000\040\0004\0004\0003\000\051}{section.9.2}% 63
\BOOKMARK [2][-]{subsection.9.2.6}{\376\377\000S\000t\000r\000u\000c\000t\000u\000r\000e\000\040\000R\000e\000p\000e\000a\000t\000a\000b\000l\000e\000P\000r\000o\000c\000e\000s\000s\000\040\000\050\000L\000i\000n\000e\000\040\0005\0000\0005\000\051}{section.9.2}% 64
\BOOKMARK [2][-]{subsection.9.2.7}{\376\377\000C\000l\000a\000s\000s\000\040\000R\000E\000P\000E\000A\000T\000A\000B\000L\000E\000\040\000\050\000L\000i\000n\000e\000\040\0005\0007\0007\000\051}{section.9.2}% 65
\BOOKMARK [2][-]{subsection.9.2.8}{\376\377\000I\000n\000d\000u\000c\000t\000i\000v\000e\000\040\000S\000t\000u\000d\000y\000\040\000\050\000L\000i\000n\000e\000\040\0007\0001\0002\000\051}{section.9.2}% 66
\BOOKMARK [2][-]{subsection.9.2.9}{\376\377\000I\000n\000s\000t\000a\000n\000c\000e\000\040\000:\000\040\000L\000E\000\040\000S\000t\000u\000d\000y\000\040\000:\000=\000\040\047\350\000S\000t\000u\000d\000y\000.\000l\000e\047\351\000\040\000\050\000L\000i\000n\000e\000\040\0007\0006\0005\000\051}{section.9.2}% 67
\BOOKMARK [2][-]{subsection.9.2.10}{\376\377\000S\000t\000r\000u\000c\000t\000u\000r\000e\000\040\000C\000o\000m\000p\000u\000t\000a\000t\000i\000o\000n\000a\000l\000P\000r\000o\000c\000e\000s\000s\000\040\000\050\000L\000i\000n\000e\000\040\0008\0000\0001\000\051}{section.9.2}% 68
\BOOKMARK [2][-]{subsection.9.2.11}{\376\377\000C\000l\000a\000s\000s\000\040\000N\000U\000M\000E\000R\000I\000C\000\040\000\050\000L\000i\000n\000e\000\040\0008\0005\0001\000\051}{section.9.2}% 69
\BOOKMARK [1][-]{section.9.3}{\376\377\000F\000i\000l\000e\000:\000\040\000E\000p\000i\000s\000o\000d\000e\0003\000.\000l\000e\000a\000n}{chapter.9}% 70
\BOOKMARK [2][-]{subsection.9.3.1}{\376\377\000I\000n\000d\000u\000c\000t\000i\000v\000e\000\040\000C\000o\000m\000p\000u\000t\000a\000t\000i\000o\000n\000\040\000\050\000L\000i\000n\000e\000\040\0006\0008\000\051}{section.9.3}% 71
\BOOKMARK [2][-]{subsection.9.3.2}{\376\377\000I\000n\000s\000t\000a\000n\000c\000e\000\040\000:\000\040\000L\000E\000\040\000C\000o\000m\000p\000u\000t\000a\000t\000i\000o\000n\000\040\000:\000=\000\040\047\350\000C\000o\000m\000p\000u\000t\000a\000t\000i\000o\000n\000.\000l\000e\047\351\000\040\000\050\000L\000i\000n\000e\000\040\0009\0009\000\051}{section.9.3}% 72
\BOOKMARK [2][-]{subsection.9.3.3}{\376\377\000I\000n\000s\000t\000a\000n\000c\000e\000\040\000:\000\040\000L\000T\000\040\000C\000o\000m\000p\000u\000t\000a\000t\000i\000o\000n\000\040\000:\000=\000\040\047\350\000C\000o\000m\000p\000u\000t\000a\000t\000i\000o\000n\000.\000l\000t\047\351\000\040\000\050\000L\000i\000n\000e\000\040\0001\0000\0000\000\051}{section.9.3}% 73
\BOOKMARK [2][-]{subsection.9.3.4}{\376\377\000S\000t\000r\000u\000c\000t\000u\000r\000e\000\040\000T\000u\000r\000i\000n\000g\000P\000r\000o\000c\000e\000s\000s\000\040\000\050\000L\000i\000n\000e\000\040\0001\0002\0000\000\051}{section.9.3}% 74
\BOOKMARK [2][-]{subsection.9.3.5}{\376\377\000C\000l\000a\000s\000s\000\040\000R\000E\000P\000R\000E\000S\000E\000N\000T\000A\000B\000L\000E\000\040\000\050\000L\000i\000n\000e\000\040\0001\0007\0008\000\051}{section.9.3}% 75
\BOOKMARK [2][-]{subsection.9.3.6}{\376\377\000I\000n\000d\000u\000c\000t\000i\000v\000e\000\040\000C\000h\000a\000i\000t\000i\000n\000s\000N\000u\000m\000b\000e\000r\000S\000e\000q\000u\000e\000n\000c\000e\000\040\000\050\000L\000i\000n\000e\000\040\0002\0002\0006\000\051}{section.9.3}% 76
\BOOKMARK [2][-]{subsection.9.3.7}{\376\377\000I\000n\000s\000t\000a\000n\000c\000e\000\040\000:\000\040\000L\000E\000\040\000C\000h\000a\000i\000t\000i\000n\000s\000N\000u\000m\000b\000e\000r\000S\000e\000q\000u\000e\000n\000c\000e\000\040\000:\000=\000\040\047\350\000C\000h\000a\000i\000t\000i\000n\000s\000N\000u\000m\000b\000e\000r\000S\000e\000q\000u\000e\000n\000c\000e\000.\000l\000e\047\351\000\040\000\050\000L\000i\000n\000e\000\040\0002\0005\0003\000\051}{section.9.3}% 77
\BOOKMARK [2][-]{subsection.9.3.8}{\376\377\000S\000t\000r\000u\000c\000t\000u\000r\000e\000\040\000N\000o\000i\000s\000y\000P\000r\000o\000c\000e\000s\000s\000\040\000\050\000L\000i\000n\000e\000\040\0002\0007\0009\000\051}{section.9.3}% 78
\BOOKMARK [2][-]{subsection.9.3.9}{\376\377\000C\000l\000a\000s\000s\000\040\000P\000H\000Y\000S\000I\000C\000A\000L\000\040\000\050\000L\000i\000n\000e\000\040\0003\0005\0005\000\051}{section.9.3}% 79
\BOOKMARK [2][-]{subsection.9.3.10}{\376\377\000I\000n\000d\000u\000c\000t\000i\000v\000e\000\040\000M\000e\000t\000a\000v\000a\000r\000i\000a\000b\000l\000e\000\040\000\050\000L\000i\000n\000e\000\040\0004\0002\0000\000\051}{section.9.3}% 80
\BOOKMARK [2][-]{subsection.9.3.11}{\376\377\000S\000t\000r\000u\000c\000t\000u\000r\000e\000\040\000P\000h\000y\000s\000i\000c\000a\000l\000P\000r\000o\000c\000e\000s\000s\000\040\000\050\000L\000i\000n\000e\000\040\0004\0005\0004\000\051}{section.9.3}% 81
\BOOKMARK [2][-]{subsection.9.3.12}{\376\377\000C\000l\000a\000s\000s\000\040\000C\000O\000M\000P\000A\000R\000A\000B\000L\000E\000\040\000\050\000L\000i\000n\000e\000\040\0005\0002\0001\000\051}{section.9.3}% 82
\BOOKMARK [2][-]{subsection.9.3.13}{\376\377\000I\000n\000d\000u\000c\000t\000i\000v\000e\000\040\000S\000o\000p\000h\000i\000s\000m\000\040\000\050\000L\000i\000n\000e\000\040\0005\0007\0004\000\051}{section.9.3}% 83
\BOOKMARK [2][-]{subsection.9.3.14}{\376\377\000S\000t\000r\000u\000c\000t\000u\000r\000e\000\040\000S\000l\000i\000p\000P\000r\000o\000c\000e\000s\000s\000\040\000\050\000L\000i\000n\000e\000\040\0006\0001\0002\000\051}{section.9.3}% 84
\BOOKMARK [2][-]{subsection.9.3.15}{\376\377\000C\000l\000a\000s\000s\000\040\000O\000B\000S\000E\000R\000V\000E\000D\000\040\000\050\000L\000i\000n\000e\000\040\0006\0006\0001\000\051}{section.9.3}% 85
\BOOKMARK [2][-]{subsection.9.3.16}{\376\377\000I\000n\000d\000u\000c\000t\000i\000v\000e\000\040\000A\000r\000e\000a\000\040\000\050\000L\000i\000n\000e\000\040\0007\0003\0008\000\051}{section.9.3}% 86
\BOOKMARK [1][-]{section.9.4}{\376\377\000F\000i\000l\000e\000:\000\040\000E\000p\000i\000s\000o\000d\000e\0004\000.\000l\000e\000a\000n}{chapter.9}% 87
\BOOKMARK [2][-]{subsection.9.4.1}{\376\377\000I\000n\000s\000t\000a\000n\000c\000e\000\040\000:\000\040\000L\000E\000\040\000A\000r\000e\000a\000\040\000:\000=\000\040\047\350\000A\000r\000e\000a\000.\000l\000e\047\351\000\040\000\050\000L\000i\000n\000e\000\040\0001\0001\0001\000\051}{section.9.4}% 88
\BOOKMARK [2][-]{subsection.9.4.2}{\376\377\000S\000t\000r\000u\000c\000t\000u\000r\000e\000\040\000S\000e\000n\000s\000i\000n\000g\000P\000r\000o\000c\000e\000s\000s\000\040\000\050\000L\000i\000n\000e\000\040\0001\0002\0008\000\051}{section.9.4}% 89
\BOOKMARK [2][-]{subsection.9.4.3}{\376\377\000C\000l\000a\000s\000s\000\040\000P\000R\000E\000S\000E\000N\000T\000\040\000\050\000L\000i\000n\000e\000\040\0001\0007\0003\000\051}{section.9.4}% 90
\BOOKMARK [2][-]{subsection.9.4.4}{\376\377\000I\000n\000d\000u\000c\000t\000i\000v\000e\000\040\000P\000h\000e\000n\000o\000m\000e\000n\000o\000n\000\040\000\050\000L\000i\000n\000e\000\040\0002\0001\0007\000\051}{section.9.4}% 91
\BOOKMARK [2][-]{subsection.9.4.5}{\376\377\000I\000n\000s\000t\000a\000n\000c\000e\000\040\000:\000\040\000L\000E\000\040\000P\000h\000e\000n\000o\000m\000e\000n\000o\000n\000\040\000:\000=\000\040\047\350\000P\000h\000e\000n\000o\000m\000e\000n\000o\000n\000.\000l\000e\047\351\000\040\000\050\000L\000i\000n\000e\000\040\0002\0006\0000\000\051}{section.9.4}% 92
\BOOKMARK [2][-]{subsection.9.4.6}{\376\377\000S\000t\000r\000u\000c\000t\000u\000r\000e\000\040\000G\000a\000u\000g\000e\000P\000r\000o\000c\000e\000s\000s\000\040\000\050\000L\000i\000n\000e\000\040\0002\0008\0007\000\051}{section.9.4}% 93
\BOOKMARK [2][-]{subsection.9.4.7}{\376\377\000C\000l\000a\000s\000s\000\040\000M\000E\000A\000S\000U\000R\000A\000B\000L\000E\000\040\000\050\000L\000i\000n\000e\000\040\0003\0003\0004\000\051}{section.9.4}% 94
\BOOKMARK [2][-]{subsection.9.4.8}{\376\377\000I\000n\000d\000u\000c\000t\000i\000v\000e\000\040\000J\000a\000r\000\040\000\050\000L\000i\000n\000e\000\040\0003\0009\0008\000\051}{section.9.4}% 95
\BOOKMARK [2][-]{subsection.9.4.9}{\376\377\000I\000n\000s\000t\000a\000n\000c\000e\000\040\000:\000\040\000L\000E\000\040\000J\000a\000r\000\040\000:\000=\000\040\047\350\000J\000a\000r\000.\000l\000e\047\351\000\040\000\050\000L\000i\000n\000e\000\040\0004\0004\0008\000\051}{section.9.4}% 96
\BOOKMARK [2][-]{subsection.9.4.10}{\376\377\000S\000t\000r\000u\000c\000t\000u\000r\000e\000\040\000M\000e\000e\000s\000a\000P\000r\000o\000c\000e\000s\000s\000\040\000\050\000L\000i\000n\000e\000\040\0004\0008\0001\000\051}{section.9.4}% 97
\BOOKMARK [2][-]{subsection.9.4.11}{\376\377\000C\000l\000a\000s\000s\000\040\000G\000U\000N\000G\000A\000N\000\040\000\050\000L\000i\000n\000e\000\040\0005\0002\0003\000\051}{section.9.4}% 98
\BOOKMARK [1][-]{section.9.5}{\376\377\000F\000i\000l\000e\000:\000\040\000E\000p\000i\000s\000o\000d\000e\0005\000.\000l\000e\000a\000n}{chapter.9}% 99
\BOOKMARK [2][-]{subsection.9.5.1}{\376\377\000I\000n\000d\000u\000c\000t\000i\000v\000e\000\040\000E\000q\000u\000i\000v\000a\000l\000a\000t\000i\000o\000n\000\040\000\050\000L\000i\000n\000e\000\040\0007\0006\000\051}{section.9.5}% 100
\BOOKMARK [2][-]{subsection.9.5.2}{\376\377\000I\000n\000s\000t\000a\000n\000c\000e\000\040\000:\000\040\000L\000E\000\040\000E\000q\000u\000i\000v\000a\000l\000a\000t\000i\000o\000n\000\040\000:\000=\000\040\047\350\000E\000q\000u\000i\000v\000a\000l\000a\000t\000i\000o\000n\000.\000l\000e\047\351\000\040\000\050\000L\000i\000n\000e\000\040\0001\0002\0000\000\051}{section.9.5}% 101
\BOOKMARK [2][-]{subsection.9.5.3}{\376\377\000S\000t\000r\000u\000c\000t\000u\000r\000e\000\040\000D\000i\000g\000i\000t\000a\000l\000P\000r\000o\000c\000e\000s\000s\000\040\000\050\000L\000i\000n\000e\000\040\0001\0004\0003\000\051}{section.9.5}% 102
\BOOKMARK [2][-]{subsection.9.5.4}{\376\377\000C\000l\000a\000s\000s\000\040\000S\000O\000U\000R\000C\000E\000\040\000\050\000L\000i\000n\000e\000\040\0002\0001\0004\000\051}{section.9.5}% 103
\BOOKMARK [2][-]{subsection.9.5.5}{\376\377\000I\000n\000d\000u\000c\000t\000i\000v\000e\000\040\000E\000n\000c\000o\000d\000i\000n\000g\000\040\000\050\000L\000i\000n\000e\000\040\0002\0003\0006\000\051}{section.9.5}% 104
\BOOKMARK [2][-]{subsection.9.5.6}{\376\377\000S\000t\000r\000u\000c\000t\000u\000r\000e\000\040\000C\000o\000m\000p\000i\000l\000e\000d\000P\000r\000o\000c\000e\000s\000s\000\040\000\050\000L\000i\000n\000e\000\040\0002\0005\0007\000\051}{section.9.5}% 105
\BOOKMARK [2][-]{subsection.9.5.7}{\376\377\000C\000l\000a\000s\000s\000\040\000E\000X\000E\000C\000U\000T\000E\000D\000\040\000\050\000L\000i\000n\000e\000\040\0003\0001\0000\000\051}{section.9.5}% 106
\BOOKMARK [2][-]{subsection.9.5.8}{\376\377\000I\000n\000d\000u\000c\000t\000i\000v\000e\000\040\000A\000b\000s\000t\000r\000a\000c\000t\000i\000o\000n\000\040\000\050\000L\000i\000n\000e\000\040\0003\0005\0009\000\051}{section.9.5}% 107
\BOOKMARK [2][-]{subsection.9.5.9}{\376\377\000I\000n\000s\000t\000a\000n\000c\000e\000\040\000i\000n\000s\000t\000a\000n\000c\000e\000\040\000\050\000L\000i\000n\000e\000\040\0003\0008\0009\000\051}{section.9.5}% 108
\BOOKMARK [2][-]{subsection.9.5.10}{\376\377\000I\000n\000s\000t\000a\000n\000c\000e\000\040\000i\000n\000s\000t\000a\000n\000c\000e\000\040\000\050\000L\000i\000n\000e\000\040\0003\0009\0009\000\051}{section.9.5}% 109
\BOOKMARK [1][-]{section.9.6}{\376\377\000F\000i\000l\000e\000:\000\040\000E\000p\000i\000s\000o\000d\000e\0006\000.\000l\000e\000a\000n}{chapter.9}% 110
\BOOKMARK [2][-]{subsection.9.6.1}{\376\377\000S\000t\000r\000u\000c\000t\000u\000r\000e\000\040\000M\000a\000t\000h\000e\000m\000a\000t\000i\000c\000a\000l\000P\000r\000o\000c\000e\000s\000s\000\040\000\050\000L\000i\000n\000e\000\040\0004\0008\000\051}{section.9.6}% 111
\BOOKMARK [2][-]{subsection.9.6.2}{\376\377\000C\000l\000a\000s\000s\000\040\000V\000A\000L\000U\000E\000\040\000\050\000L\000i\000n\000e\000\040\0009\0002\000\051}{section.9.6}% 112
\BOOKMARK [2][-]{subsection.9.6.3}{\376\377\000I\000n\000d\000u\000c\000t\000i\000v\000e\000\040\000S\000u\000m\000\040\000\050\000L\000i\000n\000e\000\040\0001\0002\0007\000\051}{section.9.6}% 113
\BOOKMARK [2][-]{subsection.9.6.4}{\376\377\000I\000n\000s\000t\000a\000n\000c\000e\000\040\000:\000\040\000L\000E\000\040\000S\000u\000m\000\040\000:\000=\000\040\047\350\000S\000u\000m\000.\000l\000e\047\351\000\040\000\050\000L\000i\000n\000e\000\040\0001\0004\0005\000\051}{section.9.6}% 114
\BOOKMARK [2][-]{subsection.9.6.5}{\376\377\000I\000n\000s\000t\000a\000n\000c\000e\000\040\000:\000\040\000L\000T\000\040\000S\000u\000m\000\040\000:\000=\000\040\047\350\000S\000u\000m\000.\000l\000t\047\351\000\040\000\050\000L\000i\000n\000e\000\040\0001\0004\0006\000\051}{section.9.6}% 115
\BOOKMARK [2][-]{subsection.9.6.6}{\376\377\000S\000t\000r\000u\000c\000t\000u\000r\000e\000\040\000A\000d\000d\000i\000n\000g\000P\000r\000o\000c\000e\000s\000s\000\040\000\050\000L\000i\000n\000e\000\040\0001\0004\0009\000\051}{section.9.6}% 116
\BOOKMARK [2][-]{subsection.9.6.7}{\376\377\000C\000l\000a\000s\000s\000\040\000M\000A\000G\000N\000I\000T\000U\000D\000E\000\040\000\050\000L\000i\000n\000e\000\040\0001\0008\0002\000\051}{section.9.6}% 117
\BOOKMARK [2][-]{subsection.9.6.8}{\376\377\000I\000n\000d\000u\000c\000t\000i\000v\000e\000\040\000P\000r\000o\000d\000u\000c\000t\000\040\000\050\000L\000i\000n\000e\000\040\0002\0002\0001\000\051}{section.9.6}% 118
\BOOKMARK [2][-]{subsection.9.6.9}{\376\377\000I\000n\000s\000t\000a\000n\000c\000e\000\040\000:\000\040\000L\000E\000\040\000P\000r\000o\000d\000u\000c\000t\000\040\000:\000=\000\040\047\350\000P\000r\000o\000d\000u\000c\000t\000.\000l\000e\047\351\000\040\000\050\000L\000i\000n\000e\000\040\0002\0005\0003\000\051}{section.9.6}% 119
\BOOKMARK [2][-]{subsection.9.6.10}{\376\377\000I\000n\000s\000t\000a\000n\000c\000e\000\040\000:\000\040\000L\000T\000\040\000P\000r\000o\000d\000u\000c\000t\000\040\000:\000=\000\040\047\350\000P\000r\000o\000d\000u\000c\000t\000.\000l\000t\047\351\000\040\000\050\000L\000i\000n\000e\000\040\0002\0005\0004\000\051}{section.9.6}% 120
\BOOKMARK [2][-]{subsection.9.6.11}{\376\377\000S\000t\000r\000u\000c\000t\000u\000r\000e\000\040\000M\000u\000l\000t\000i\000p\000l\000y\000i\000n\000g\000P\000r\000o\000c\000e\000s\000s\000\040\000\050\000L\000i\000n\000e\000\040\0002\0005\0007\000\051}{section.9.6}% 121
\BOOKMARK [2][-]{subsection.9.6.12}{\376\377\000C\000l\000a\000s\000s\000\040\000S\000C\000A\000L\000E\000D\000\040\000\050\000L\000i\000n\000e\000\040\0003\0000\0000\000\051}{section.9.6}% 122
\BOOKMARK [2][-]{subsection.9.6.13}{\376\377\000I\000n\000d\000u\000c\000t\000i\000v\000e\000\040\000B\000a\000s\000i\000s\000\040\000\050\000L\000i\000n\000e\000\040\0003\0004\0004\000\051}{section.9.6}% 123
\BOOKMARK [2][-]{subsection.9.6.14}{\376\377\000I\000n\000s\000t\000a\000n\000c\000e\000\040\000:\000\040\000L\000E\000\040\000B\000a\000s\000i\000s\000\040\000w\000h\000e\000r\000e\000\040\000\050\000L\000i\000n\000e\000\040\0003\0008\0000\000\051}{section.9.6}% 124
\BOOKMARK [2][-]{subsection.9.6.15}{\376\377\000I\000n\000s\000t\000a\000n\000c\000e\000\040\000:\000\040\000L\000T\000\040\000B\000a\000s\000i\000s\000\040\000w\000h\000e\000r\000e\000\040\000\050\000L\000i\000n\000e\000\040\0003\0008\0003\000\051}{section.9.6}% 125
\BOOKMARK [2][-]{subsection.9.6.16}{\376\377\000S\000t\000r\000u\000c\000t\000u\000r\000e\000\040\000B\000A\000S\000I\000C\000P\000r\000o\000c\000e\000s\000s\000\040\000\050\000L\000i\000n\000e\000\040\0003\0008\0007\000\051}{section.9.6}% 126
\BOOKMARK [2][-]{subsection.9.6.17}{\376\377\000C\000l\000a\000s\000s\000\040\000L\000O\000A\000D\000\040\000\050\000L\000i\000n\000e\000\040\0004\0003\0008\000\051}{section.9.6}% 127
\BOOKMARK [2][-]{subsection.9.6.18}{\376\377\000I\000n\000d\000u\000c\000t\000i\000v\000e\000\040\000P\000o\000l\000y\000n\000o\000m\000i\000a\000l\000\040\000\050\000L\000i\000n\000e\000\040\0004\0009\0002\000\051}{section.9.6}% 128
\BOOKMARK [2][-]{subsection.9.6.19}{\376\377\000I\000n\000s\000t\000a\000n\000c\000e\000\040\000:\000\040\000L\000E\000\040\000P\000o\000l\000y\000n\000o\000m\000i\000a\000l\000\040\000w\000h\000e\000r\000e\000\040\000\050\000L\000i\000n\000e\000\040\0005\0002\0001\000\051}{section.9.6}% 129
\BOOKMARK [2][-]{subsection.9.6.20}{\376\377\000S\000t\000r\000u\000c\000t\000u\000r\000e\000\040\000G\000a\000l\000e\000r\000k\000i\000n\000P\000r\000o\000c\000e\000s\000s\000\040\000\050\000L\000i\000n\000e\000\040\0005\0002\0006\000\051}{section.9.6}% 130
\BOOKMARK [2][-]{subsection.9.6.21}{\376\377\000C\000l\000a\000s\000s\000\040\000F\000I\000N\000I\000T\000E\000\137\000E\000L\000E\000P\000H\000A\000N\000T\000\040\000\050\000L\000i\000n\000e\000\040\0005\0007\0007\000\051}{section.9.6}% 131
\BOOKMARK [2][-]{subsection.9.6.22}{\376\377\000I\000n\000d\000u\000c\000t\000i\000v\000e\000\040\000S\000p\000l\000i\000n\000e\000\040\000\050\000L\000i\000n\000e\000\040\0006\0004\0001\000\051}{section.9.6}% 132
\BOOKMARK [2][-]{subsection.9.6.23}{\376\377\000I\000n\000s\000t\000a\000n\000c\000e\000\040\000:\000\040\000L\000E\000\040\000S\000p\000l\000i\000n\000e\000\040\000w\000h\000e\000r\000e\000\040\000\050\000L\000i\000n\000e\000\040\0006\0008\0006\000\051}{section.9.6}% 133
\BOOKMARK [1][-]{section.9.7}{\376\377\000F\000i\000l\000e\000:\000\040\000E\000p\000i\000s\000o\000d\000e\0007\000.\000l\000e\000a\000n}{chapter.9}% 134
\BOOKMARK [2][-]{subsection.9.7.1}{\376\377\000S\000t\000r\000u\000c\000t\000u\000r\000e\000\040\000A\000r\000m\000W\000a\000v\000e\000P\000r\000o\000c\000e\000s\000s\000\040\000\050\000L\000i\000n\000e\000\040\0002\0000\000\051}{section.9.7}% 135
\BOOKMARK [2][-]{subsection.9.7.2}{\376\377\000C\000l\000a\000s\000s\000\040\000B\000U\000L\000L\000S\000H\000I\000T\000\040\000\050\000L\000i\000n\000e\000\040\0005\0005\000\051}{section.9.7}% 136
\BOOKMARK [2][-]{subsection.9.7.3}{\376\377\000I\000n\000d\000u\000c\000t\000i\000v\000e\000\040\000D\000i\000a\000t\000r\000i\000b\000e\000\040\000\050\000L\000i\000n\000e\000\040\0009\0008\000\051}{section.9.7}% 137
\BOOKMARK [2][-]{subsection.9.7.4}{\376\377\000S\000t\000r\000u\000c\000t\000u\000r\000e\000\040\000C\000r\000u\000s\000a\000d\000e\000P\000r\000o\000c\000e\000s\000s\000\040\000\050\000L\000i\000n\000e\000\040\0001\0000\0003\000\051}{section.9.7}% 138
\BOOKMARK [2][-]{subsection.9.7.5}{\376\377\000C\000l\000a\000s\000s\000\040\000P\000R\000O\000P\000A\000G\000A\000N\000D\000A\000\040\000\050\000L\000i\000n\000e\000\040\0001\0007\0002\000\051}{section.9.7}% 139
\BOOKMARK [2][-]{subsection.9.7.6}{\376\377\000I\000n\000d\000u\000c\000t\000i\000v\000e\000\040\000C\000u\000l\000t\000\040\000\050\000L\000i\000n\000e\000\040\0002\0000\0007\000\051}{section.9.7}% 140
\BOOKMARK [2][-]{subsection.9.7.7}{\376\377\000S\000t\000r\000u\000c\000t\000u\000r\000e\000\040\000I\000n\000i\000t\000i\000a\000t\000i\000o\000n\000P\000r\000o\000c\000e\000s\000s\000\040\000\050\000L\000i\000n\000e\000\040\0002\0001\0002\000\051}{section.9.7}% 141
\BOOKMARK [2][-]{subsection.9.7.8}{\376\377\000C\000l\000a\000s\000s\000\040\000A\000C\000O\000L\000Y\000T\000E\000\040\000\050\000L\000i\000n\000e\000\040\0002\0008\0000\000\051}{section.9.7}% 142
\BOOKMARK [1][-]{section.9.8}{\376\377\000F\000i\000l\000e\000:\000\040\000E\000p\000i\000s\000o\000d\000e\0008\000.\000l\000e\000a\000n}{chapter.9}% 143
\BOOKMARK [2][-]{subsection.9.8.1}{\376\377\000I\000n\000s\000t\000a\000n\000c\000e\000\040\000S\000T\000E\000P\000\137\0001\000\040\000\050\000L\000i\000n\000e\000\040\0001\0000\000\051}{section.9.8}% 144
\BOOKMARK [2][-]{subsection.9.8.2}{\376\377\000I\000n\000s\000t\000a\000n\000c\000e\000\040\000C\000O\000U\000N\000T\000A\000B\000L\000E\000\137\000A\000D\000M\000I\000S\000S\000I\000B\000L\000E\000\040\000\050\000L\000i\000n\000e\000\040\0002\0001\000\051}{section.9.8}% 145
\BOOKMARK [2][-]{subsection.9.8.3}{\376\377\000I\000n\000s\000t\000a\000n\000c\000e\000\040\000E\000N\000C\000O\000D\000E\000D\000\137\000C\000O\000U\000N\000T\000A\000B\000L\000E\000\040\000\050\000L\000i\000n\000e\000\040\0003\0001\000\051}{section.9.8}% 146
\BOOKMARK [2][-]{subsection.9.8.4}{\376\377\000I\000n\000s\000t\000a\000n\000c\000e\000\040\000R\000E\000S\000I\000D\000U\000E\000\137\000E\000N\000C\000O\000D\000E\000D\000\040\000\050\000L\000i\000n\000e\000\040\0004\0002\000\051}{section.9.8}% 147
\BOOKMARK [2][-]{subsection.9.8.5}{\376\377\000I\000n\000s\000t\000a\000n\000c\000e\000\040\000B\000I\000N\000A\000R\000Y\000\137\000R\000E\000S\000I\000D\000U\000E\000\040\000\050\000L\000i\000n\000e\000\040\0005\0004\000\051}{section.9.8}% 148
\BOOKMARK [2][-]{subsection.9.8.6}{\376\377\000I\000n\000s\000t\000a\000n\000c\000e\000\040\000R\000E\000P\000E\000A\000T\000A\000B\000L\000E\000\137\000B\000I\000N\000A\000R\000Y\000\040\000\050\000L\000i\000n\000e\000\040\0007\0000\000\051}{section.9.8}% 149
\BOOKMARK [2][-]{subsection.9.8.7}{\376\377\000I\000n\000s\000t\000a\000n\000c\000e\000\040\000N\000U\000M\000E\000R\000I\000C\000\137\000R\000E\000P\000E\000A\000T\000A\000B\000L\000E\000\040\000\050\000L\000i\000n\000e\000\040\0008\0007\000\051}{section.9.8}% 150
\BOOKMARK [2][-]{subsection.9.8.8}{\376\377\000I\000n\000s\000t\000a\000n\000c\000e\000\040\000R\000E\000P\000R\000E\000S\000E\000N\000T\000A\000B\000L\000E\000\137\000N\000U\000M\000E\000R\000I\000C\000\040\000\050\000L\000i\000n\000e\000\040\0001\0000\0003\000\051}{section.9.8}% 151
\BOOKMARK [2][-]{subsection.9.8.9}{\376\377\000I\000n\000s\000t\000a\000n\000c\000e\000\040\000P\000H\000Y\000S\000I\000C\000A\000L\000\137\000N\000U\000M\000E\000R\000I\000C\000\040\000\050\000L\000i\000n\000e\000\040\0001\0002\0005\000\051}{section.9.8}% 152
\BOOKMARK [2][-]{subsection.9.8.10}{\376\377\000I\000n\000s\000t\000a\000n\000c\000e\000\040\000O\000B\000S\000E\000R\000V\000E\000D\000\137\000C\000O\000M\000P\000A\000R\000A\000B\000L\000E\000\040\000\050\000L\000i\000n\000e\000\040\0001\0005\0001\000\051}{section.9.8}% 153
\BOOKMARK [2][-]{subsection.9.8.11}{\376\377\000I\000n\000s\000t\000a\000n\000c\000e\000\040\000P\000R\000E\000S\000E\000N\000T\000\137\000O\000B\000S\000E\000R\000V\000E\000D\000\040\000\050\000L\000i\000n\000e\000\040\0001\0007\0004\000\051}{section.9.8}% 154
\BOOKMARK [2][-]{subsection.9.8.12}{\376\377\000I\000n\000s\000t\000a\000n\000c\000e\000\040\000M\000E\000A\000S\000U\000R\000A\000B\000L\000E\000\137\000P\000R\000E\000S\000E\000N\000T\000\040\000\050\000L\000i\000n\000e\000\040\0001\0009\0006\000\051}{section.9.8}% 155
\BOOKMARK [2][-]{subsection.9.8.13}{\376\377\000I\000n\000s\000t\000a\000n\000c\000e\000\040\000G\000U\000N\000G\000A\000N\000\137\000M\000E\000A\000S\000U\000R\000A\000B\000L\000E\000\040\000\050\000L\000i\000n\000e\000\040\0002\0001\0008\000\051}{section.9.8}% 156
\BOOKMARK [2][-]{subsection.9.8.14}{\376\377\000I\000n\000s\000t\000a\000n\000c\000e\000\040\000S\000O\000U\000R\000C\000E\000\137\000G\000U\000N\000G\000A\000N\000\040\000\050\000L\000i\000n\000e\000\040\0002\0004\0001\000\051}{section.9.8}% 157
\BOOKMARK [2][-]{subsection.9.8.15}{\376\377\000I\000n\000s\000t\000a\000n\000c\000e\000\040\000E\000X\000E\000C\000U\000T\000E\000D\000\137\000S\000O\000U\000R\000C\000E\000\040\000\050\000L\000i\000n\000e\000\040\0002\0006\0006\000\051}{section.9.8}% 158
\BOOKMARK [2][-]{subsection.9.8.16}{\376\377\000I\000n\000s\000t\000a\000n\000c\000e\000\040\000V\000A\000L\000U\000E\000\137\000E\000X\000E\000C\000U\000T\000E\000D\000\040\000\050\000L\000i\000n\000e\000\040\0002\0009\0002\000\051}{section.9.8}% 159
\BOOKMARK [2][-]{subsection.9.8.17}{\376\377\000I\000n\000s\000t\000a\000n\000c\000e\000\040\000M\000A\000G\000N\000I\000T\000U\000D\000E\000\137\000V\000A\000L\000U\000E\000\040\000\050\000L\000i\000n\000e\000\040\0003\0002\0003\000\051}{section.9.8}% 160
\BOOKMARK [2][-]{subsection.9.8.18}{\376\377\000I\000n\000s\000t\000a\000n\000c\000e\000\040\000S\000C\000A\000L\000E\000D\000\137\000M\000A\000G\000N\000I\000T\000U\000D\000E\000\040\000\050\000L\000i\000n\000e\000\040\0003\0005\0001\000\051}{section.9.8}% 161
\BOOKMARK [2][-]{subsection.9.8.19}{\376\377\000I\000n\000s\000t\000a\000n\000c\000e\000\040\000L\000O\000A\000D\000\137\000S\000C\000A\000L\000E\000D\000\040\000\050\000L\000i\000n\000e\000\040\0003\0008\0000\000\051}{section.9.8}% 162
\BOOKMARK [2][-]{subsection.9.8.20}{\376\377\000I\000n\000s\000t\000a\000n\000c\000e\000\040\000F\000I\000N\000I\000T\000E\000\137\000E\000L\000E\000P\000H\000A\000N\000T\000\137\000L\000O\000A\000D\000\040\000\050\000L\000i\000n\000e\000\040\0004\0001\0000\000\051}{section.9.8}% 163
\BOOKMARK [2][-]{subsection.9.8.21}{\376\377\000I\000n\000s\000t\000a\000n\000c\000e\000\040\000B\000U\000L\000L\000S\000H\000I\000T\000\137\000F\000I\000N\000I\000T\000E\000\137\000E\000L\000E\000P\000H\000A\000N\000T\000\040\000\050\000L\000i\000n\000e\000\040\0004\0004\0000\000\051}{section.9.8}% 164
\BOOKMARK [2][-]{subsection.9.8.22}{\376\377\000I\000n\000s\000t\000a\000n\000c\000e\000\040\000P\000R\000O\000P\000A\000G\000A\000N\000D\000A\000\137\000B\000U\000L\000L\000S\000H\000I\000T\000\040\000\050\000L\000i\000n\000e\000\040\0004\0007\0001\000\051}{section.9.8}% 165
\BOOKMARK [2][-]{subsection.9.8.23}{\376\377\000I\000n\000s\000t\000a\000n\000c\000e\000\040\000A\000C\000O\000L\000Y\000T\000E\000\137\000P\000R\000O\000P\000A\000G\000A\000N\000D\000A\000\040\000\050\000L\000i\000n\000e\000\040\0005\0000\0000\000\051}{section.9.8}% 166
\BOOKMARK [1][-]{section.9.9}{\376\377\000F\000i\000l\000e\000:\000\040\000E\000p\000i\000s\000o\000d\000e\0009\000.\000l\000e\000a\000n}{chapter.9}% 167
\BOOKMARK [2][-]{subsection.9.9.1}{\376\377\000I\000n\000d\000u\000c\000t\000i\000v\000e\000\040\000S\000c\000i\000e\000n\000c\000e\000\040\000\050\000L\000i\000n\000e\000\040\0001\0009\000\051}{section.9.9}% 168
\BOOKMARK [2][-]{subsection.9.9.2}{\376\377\000S\000t\000r\000u\000c\000t\000u\000r\000e\000\040\000L\000e\000a\000r\000n\000i\000n\000g\000P\000r\000o\000c\000e\000s\000s\000\040\000\050\000L\000i\000n\000e\000\040\0002\0004\000\051}{section.9.9}% 169
\BOOKMARK [2][-]{subsection.9.9.3}{\376\377\000C\000l\000a\000s\000s\000\040\000S\000C\000I\000E\000N\000T\000I\000F\000I\000C\000\040\000\050\000L\000i\000n\000e\000\040\0009\0008\000\051}{section.9.9}% 170
\BOOKMARK [2][-]{subsection.9.9.4}{\376\377\000I\000n\000s\000t\000a\000n\000c\000e\000\040\000S\000C\000I\000E\000N\000T\000I\000F\000I\000C\000\137\000A\000C\000O\000L\000Y\000T\000E\000\040\000\050\000L\000i\000n\000e\000\040\0001\0003\0007\000\051}{section.9.9}% 171
\BOOKMARK [2][-]{subsection.9.9.5}{\376\377\000I\000n\000d\000u\000c\000t\000i\000v\000e\000\040\000K\000n\000o\000w\000l\000e\000d\000g\000e\000\040\000\050\000L\000i\000n\000e\000\040\0001\0007\0000\000\051}{section.9.9}% 172
\BOOKMARK [2][-]{subsection.9.9.6}{\376\377\000S\000t\000r\000u\000c\000t\000u\000r\000e\000\040\000S\000c\000i\000e\000n\000t\000i\000f\000i\000c\000P\000r\000o\000c\000e\000s\000s\000\040\000\050\000L\000i\000n\000e\000\040\0001\0008\0006\000\051}{section.9.9}% 173
\BOOKMARK [2][-]{subsection.9.9.7}{\376\377\000C\000l\000a\000s\000s\000\040\000T\000R\000U\000T\000H\000\040\000\050\000L\000i\000n\000e\000\040\0002\0002\0003\000\051}{section.9.9}% 174
\BOOKMARK [2][-]{subsection.9.9.8}{\376\377\000I\000n\000s\000t\000a\000n\000c\000e\000\040\000T\000R\000U\000T\000H\000\137\000S\000C\000I\000E\000N\000T\000I\000F\000I\000C\000\040\000\050\000L\000i\000n\000e\000\040\0002\0005\0008\000\051}{section.9.9}% 175
\BOOKMARK [2][-]{subsection.9.9.9}{\376\377\000I\000n\000d\000u\000c\000t\000i\000v\000e\000\040\000G\000o\000s\000p\000e\000l\000\040\000\050\000L\000i\000n\000e\000\040\0002\0009\0003\000\051}{section.9.9}% 176
\BOOKMARK [2][-]{subsection.9.9.10}{\376\377\000S\000t\000r\000u\000c\000t\000u\000r\000e\000\040\000R\000e\000l\000i\000g\000i\000o\000u\000s\000P\000r\000o\000c\000e\000s\000s\000\040\000\050\000L\000i\000n\000e\000\040\0003\0000\0008\000\051}{section.9.9}% 177
\BOOKMARK [1][-]{section.9.10}{\376\377\000F\000i\000l\000e\000:\000\040\000E\000p\000i\000s\000o\000d\000e\0001\0000\000.\000l\000e\000a\000n}{chapter.9}% 178
\BOOKMARK [2][-]{subsection.9.10.1}{\376\377\000C\000l\000a\000s\000s\000\040\000W\000I\000T\000N\000E\000S\000S\000E\000D\000\040\000\050\000L\000i\000n\000e\000\040\0001\0005\000\051}{section.9.10}% 179
\BOOKMARK [2][-]{subsection.9.10.2}{\376\377\000I\000n\000s\000t\000a\000n\000c\000e\000\040\000W\000I\000T\000N\000E\000S\000S\000E\000D\000\137\000T\000R\000U\000T\000H\000\040\000\050\000L\000i\000n\000e\000\040\0005\0002\000\051}{section.9.10}% 180
\BOOKMARK [2][-]{subsection.9.10.3}{\376\377\000I\000n\000d\000u\000c\000t\000i\000v\000e\000\040\000T\000r\000u\000t\000h\000\040\000\050\000L\000i\000n\000e\000\040\0008\0009\000\051}{section.9.10}% 181
\BOOKMARK [2][-]{subsection.9.10.4}{\376\377\000S\000t\000r\000u\000c\000t\000u\000r\000e\000\040\000U\000n\000i\000v\000e\000r\000s\000e\000T\000e\000n\000s\000o\000r\000\040\000\050\000L\000i\000n\000e\000\040\0001\0000\0008\000\051}{section.9.10}% 182
\BOOKMARK [2][-]{subsection.9.10.5}{\376\377\000C\000l\000a\000s\000s\000\040\000R\000E\000A\000L\000\040\000\050\000L\000i\000n\000e\000\040\0001\0005\0001\000\051}{section.9.10}% 183
\BOOKMARK [2][-]{subsection.9.10.6}{\376\377\000I\000n\000s\000t\000a\000n\000c\000e\000\040\000R\000E\000A\000L\000\137\000W\000I\000T\000N\000E\000S\000S\000E\000D\000\040\000\050\000L\000i\000n\000e\000\040\0001\0008\0009\000\051}{section.9.10}% 184
\BOOKMARK [2][-]{subsection.9.10.7}{\376\377\000I\000n\000d\000u\000c\000t\000i\000v\000e\000\040\000V\000a\000r\000i\000a\000t\000i\000o\000n\000\040\000\050\000L\000i\000n\000e\000\040\0002\0002\0007\000\051}{section.9.10}% 185
\BOOKMARK [2][-]{subsection.9.10.8}{\376\377\000S\000t\000r\000u\000c\000t\000u\000r\000e\000\040\000B\000i\000g\000R\000e\000d\000D\000o\000g\000P\000r\000o\000c\000e\000s\000s\000\040\000\050\000L\000i\000n\000e\000\040\0002\0006\0005\000\051}{section.9.10}% 186
\BOOKMARK [2][-]{subsection.9.10.9}{\376\377\000C\000l\000a\000s\000s\000\040\000L\000O\000C\000A\000L\000\040\000\050\000L\000i\000n\000e\000\040\0003\0001\0003\000\051}{section.9.10}% 187
\BOOKMARK [2][-]{subsection.9.10.10}{\376\377\000I\000n\000s\000t\000a\000n\000c\000e\000\040\000L\000O\000C\000A\000L\000\137\000R\000E\000A\000L\000\040\000\050\000L\000i\000n\000e\000\040\0003\0005\0002\000\051}{section.9.10}% 188
\BOOKMARK [1][-]{section.9.11}{\376\377\000F\000i\000l\000e\000:\000\040\000E\000p\000i\000s\000o\000d\000e\0001\0001\000.\000l\000e\000a\000n}{chapter.9}% 189
\BOOKMARK [2][-]{subsection.9.11.1}{\376\377\000I\000n\000d\000u\000c\000t\000i\000v\000e\000\040\000S\000p\000a\000c\000e\000T\000i\000m\000e\000P\000a\000t\000h\000\040\000\050\000L\000i\000n\000e\000\040\0001\0002\000\051}{section.9.11}% 190
\BOOKMARK [2][-]{subsection.9.11.2}{\376\377\000S\000t\000r\000u\000c\000t\000u\000r\000e\000\040\000C\000a\000l\000c\000u\000l\000u\000s\000P\000r\000o\000c\000e\000s\000s\000\040\000\050\000L\000i\000n\000e\000\040\0006\0003\000\051}{section.9.11}% 191
\BOOKMARK [2][-]{subsection.9.11.3}{\376\377\000C\000l\000a\000s\000s\000\040\000U\000N\000I\000V\000E\000R\000S\000A\000L\000\040\000\050\000L\000i\000n\000e\000\040\0001\0000\0008\000\051}{section.9.11}% 192
\BOOKMARK [2][-]{subsection.9.11.4}{\376\377\000I\000n\000s\000t\000a\000n\000c\000e\000\040\000U\000N\000I\000V\000E\000R\000S\000A\000L\000\137\000R\000E\000A\000L\000\040\000\050\000L\000i\000n\000e\000\040\0001\0003\0000\000\051}{section.9.11}% 193
\BOOKMARK [2][-]{subsection.9.11.5}{\376\377\000I\000n\000d\000u\000c\000t\000i\000v\000e\000\040\000Y\000a\000r\000n\000T\000h\000e\000o\000r\000y\000\040\000\050\000L\000i\000n\000e\000\040\0001\0005\0008\000\051}{section.9.11}% 194
\BOOKMARK [2][-]{subsection.9.11.6}{\376\377\000S\000t\000r\000u\000c\000t\000u\000r\000e\000\040\000H\000e\000a\000r\000t\000b\000e\000a\000t\000P\000r\000o\000c\000e\000s\000s\000\040\000\050\000L\000i\000n\000e\000\040\0002\0000\0009\000\051}{section.9.11}% 195
\BOOKMARK [1][-]{section.9.12}{\376\377\000F\000i\000l\000e\000:\000\040\000E\000p\000i\000s\000o\000d\000e\0001\0002\000.\000l\000e\000a\000n}{chapter.9}% 196
\BOOKMARK [2][-]{subsection.9.12.1}{\376\377\000C\000l\000a\000s\000s\000\040\000L\000O\000G\000I\000C\000A\000L\000\040\000\050\000L\000i\000n\000e\000\040\0001\0003\000\051}{section.9.12}% 197
\BOOKMARK [2][-]{subsection.9.12.2}{\376\377\000I\000n\000s\000t\000a\000n\000c\000e\000\040\000L\000O\000G\000I\000C\000A\000L\000\137\000U\000N\000I\000V\000E\000R\000S\000A\000L\000\040\000\050\000L\000i\000n\000e\000\040\0003\0004\000\051}{section.9.12}% 198
\BOOKMARK [2][-]{subsection.9.12.3}{\376\377\000S\000t\000r\000u\000c\000t\000u\000r\000e\000\040\000E\000l\000a\000b\000o\000r\000a\000t\000i\000o\000n\000P\000r\000o\000c\000e\000s\000s\000\040\000\050\000L\000i\000n\000e\000\040\0009\0000\000\051}{section.9.12}% 199
\BOOKMARK [2][-]{subsection.9.12.4}{\376\377\000C\000l\000a\000s\000s\000\040\000H\000A\000L\000T\000E\000D\000\040\000\050\000L\000i\000n\000e\000\040\0001\0003\0001\000\051}{section.9.12}% 200
\BOOKMARK [2][-]{subsection.9.12.5}{\376\377\000I\000n\000s\000t\000a\000n\000c\000e\000\040\000H\000A\000L\000T\000E\000D\000\137\000L\000O\000G\000I\000C\000A\000L\000\040\000\050\000L\000i\000n\000e\000\040\0001\0005\0005\000\051}{section.9.12}% 201
\BOOKMARK [1][-]{section.9.13}{\376\377\000F\000i\000l\000e\000:\000\040\000E\000p\000i\000s\000o\000d\000e\0001\0003\000.\000l\000e\000a\000n}{chapter.9}% 202
\BOOKMARK [2][-]{subsection.9.13.1}{\376\377\000I\000n\000d\000u\000c\000t\000i\000v\000e\000\040\000M\000e\000a\000s\000u\000r\000e\000m\000e\000n\000t\000\040\000\050\000L\000i\000n\000e\000\040\0001\0000\000\051}{section.9.13}% 203
\BOOKMARK [2][-]{subsection.9.13.2}{\376\377\000I\000n\000s\000t\000a\000n\000c\000e\000\040\000:\000\040\000L\000E\000\040\000M\000e\000a\000s\000u\000r\000e\000m\000e\000n\000t\000\040\000w\000h\000e\000r\000e\000\040\000\050\000L\000i\000n\000e\000\040\0002\0007\000\051}{section.9.13}% 204
\BOOKMARK [2][-]{subsection.9.13.3}{\376\377\000S\000t\000r\000u\000c\000t\000u\000r\000e\000\040\000L\000e\000a\000n\000P\000r\000o\000c\000e\000s\000s\000\040\000\050\000L\000i\000n\000e\000\040\0003\0001\000\051}{section.9.13}% 205
\BOOKMARK [2][-]{subsection.9.13.4}{\376\377\000C\000l\000a\000s\000s\000\040\000M\000E\000A\000S\000U\000R\000E\000D\000\040\000\050\000L\000i\000n\000e\000\040\0006\0003\000\051}{section.9.13}% 206
\BOOKMARK [1][-]{section.9.14}{\376\377\000F\000i\000l\000e\000:\000\040\000E\000p\000i\000s\000o\000d\000e\0001\0004\000.\000l\000e\000a\000n}{chapter.9}% 207
\BOOKMARK [2][-]{subsection.9.14.1}{\376\377\000I\000n\000d\000u\000c\000t\000i\000v\000e\000\040\000C\000o\000m\000p\000i\000l\000e\000r\000T\000a\000p\000e\000\040\000\050\000L\000i\000n\000e\000\040\0001\0001\000\051}{section.9.14}% 208
\BOOKMARK [2][-]{subsection.9.14.2}{\376\377\000I\000n\000s\000t\000a\000n\000c\000e\000\040\000:\000\040\000L\000E\000\040\000C\000o\000m\000p\000i\000l\000e\000r\000T\000a\000p\000e\000\040\000w\000h\000e\000r\000e\000\040\000\050\000L\000i\000n\000e\000\040\0003\0000\000\051}{section.9.14}% 209
\BOOKMARK [2][-]{subsection.9.14.3}{\376\377\000I\000n\000s\000t\000a\000n\000c\000e\000\040\000:\000\040\000L\000T\000\040\000C\000o\000m\000p\000i\000l\000e\000r\000T\000a\000p\000e\000\040\000w\000h\000e\000r\000e\000\040\000\050\000L\000i\000n\000e\000\040\0003\0002\000\051}{section.9.14}% 210
\BOOKMARK [2][-]{subsection.9.14.4}{\376\377\000S\000t\000r\000u\000c\000t\000u\000r\000e\000\040\000C\000o\000m\000p\000i\000l\000e\000r\000O\000u\000t\000p\000u\000t\000\040\000\050\000L\000i\000n\000e\000\040\0003\0006\000\051}{section.9.14}% 211
\BOOKMARK [2][-]{subsection.9.14.5}{\376\377\000C\000l\000a\000s\000s\000\040\000C\000O\000M\000P\000I\000L\000E\000D\000\040\000\050\000L\000i\000n\000e\000\040\0006\0006\000\051}{section.9.14}% 212
\BOOKMARK [2][-]{subsection.9.14.6}{\376\377\000I\000n\000s\000t\000a\000n\000c\000e\000\040\000C\000O\000M\000P\000I\000L\000E\000D\000\137\000M\000E\000A\000S\000U\000R\000E\000D\000\040\000\050\000L\000i\000n\000e\000\040\0008\0006\000\051}{section.9.14}% 213
\BOOKMARK [1][-]{section.9.15}{\376\377\000F\000i\000l\000e\000:\000\040\000E\000p\000i\000s\000o\000d\000e\0001\0005\000.\000l\000e\000a\000n}{chapter.9}% 214
\BOOKMARK [2][-]{subsection.9.15.1}{\376\377\000I\000n\000d\000u\000c\000t\000i\000v\000e\000\040\000B\000u\000l\000l\000s\000h\000i\000t\000\040\000\050\000L\000i\000n\000e\000\040\0001\0002\000\051}{section.9.15}% 215
\BOOKMARK [2][-]{subsection.9.15.2}{\376\377\000I\000n\000s\000t\000a\000n\000c\000e\000\040\000:\000\040\000L\000E\000\040\000B\000u\000l\000l\000s\000h\000i\000t\000\040\000w\000h\000e\000r\000e\000\040\000\050\000L\000i\000n\000e\000\040\0004\0007\000\051}{section.9.15}% 216
\BOOKMARK [2][-]{subsection.9.15.3}{\376\377\000I\000n\000s\000t\000a\000n\000c\000e\000\040\000:\000\040\000L\000T\000\040\000B\000u\000l\000l\000s\000h\000i\000t\000\040\000w\000h\000e\000r\000e\000\040\000\050\000L\000i\000n\000e\000\040\0004\0009\000\051}{section.9.15}% 217
\BOOKMARK [2][-]{subsection.9.15.4}{\376\377\000S\000t\000r\000u\000c\000t\000u\000r\000e\000\040\000A\000t\000r\000e\000y\000u\000P\000r\000o\000c\000e\000s\000s\000\040\000\050\000L\000i\000n\000e\000\040\0005\0003\000\051}{section.9.15}% 218
\BOOKMARK [2][-]{subsection.9.15.5}{\376\377\000C\000l\000a\000s\000s\000\040\000T\000r\000u\000e\000O\000u\000t\000p\000u\000t\000\040\000\050\000L\000i\000n\000e\000\040\0001\0007\0004\000\051}{section.9.15}% 219
\BOOKMARK [2][-]{subsection.9.15.6}{\376\377\000I\000n\000s\000t\000a\000n\000c\000e\000\040\000T\000R\000U\000E\000\137\000C\000O\000M\000P\000I\000L\000E\000D\000\040\000\050\000L\000i\000n\000e\000\040\0002\0007\0009\000\051}{section.9.15}% 220
\BOOKMARK [2][-]{subsection.9.15.7}{\376\377\000I\000n\000s\000t\000a\000n\000c\000e\000\040\000D\000I\000S\000T\000I\000N\000G\000U\000I\000S\000H\000A\000B\000L\000E\000\137\000P\000R\000O\000P\000\040\000\050\000L\000i\000n\000e\000\040\0003\0000\0006\000\051}{section.9.15}% 221
\BOOKMARK [2][-]{subsection.9.15.8}{\376\377\000I\000n\000s\000t\000a\000n\000c\000e\000\040\000t\000r\000u\000t\000h\000D\000i\000s\000t\000i\000n\000c\000t\000\040\000\050\000L\000i\000n\000e\000\040\0003\0002\0000\000\051}{section.9.15}% 222
\BOOKMARK [2][-]{subsection.9.15.9}{\376\377\000I\000n\000d\000u\000c\000t\000i\000v\000e\000\040\000C\000l\000o\000s\000u\000r\000e\000\040\000\050\000L\000i\000n\000e\000\040\0003\0009\0007\000\051}{section.9.15}% 223
\BOOKMARK [2][-]{subsection.9.15.10}{\376\377\000S\000t\000r\000u\000c\000t\000u\000r\000e\000\040\000E\000q\000u\000i\000v\000a\000l\000e\000n\000c\000e\000P\000r\000o\000c\000e\000s\000s\000\040\000\050\000L\000i\000n\000e\000\040\0004\0006\0001\000\051}{section.9.15}% 224
\BOOKMARK [2][-]{subsection.9.15.11}{\376\377\000C\000l\000a\000s\000s\000\040\000I\000N\000F\000E\000R\000R\000E\000D\000\040\000\050\000L\000i\000n\000e\000\040\0004\0009\0005\000\051}{section.9.15}% 225
\BOOKMARK [1][-]{section.9.16}{\376\377\000F\000i\000l\000e\000:\000\040\000E\000p\000i\000s\000o\000d\000e\0001\0007\000.\000l\000e\000a\000n}{chapter.9}% 226
\BOOKMARK [2][-]{subsection.9.16.1}{\376\377\000I\000n\000s\000t\000a\000n\000c\000e\000\040\000\050\000p\000r\000i\000o\000r\000i\000t\000y\000\040\000\050\000L\000i\000n\000e\000\040\0005\000\051}{section.9.16}% 227
\BOOKMARK [2][-]{subsection.9.16.2}{\376\377\000I\000n\000s\000t\000a\000n\000c\000e\000\040\000\050\000p\000r\000i\000o\000r\000i\000t\000y\000\040\000\050\000L\000i\000n\000e\000\040\0002\0008\000\051}{section.9.16}% 228
\BOOKMARK [2][-]{subsection.9.16.3}{\376\377\000I\000n\000s\000t\000a\000n\000c\000e\000\040\000\050\000p\000r\000i\000o\000r\000i\000t\000y\000\040\000\050\000L\000i\000n\000e\000\040\0005\0003\000\051}{section.9.16}% 229
\BOOKMARK [2][-]{subsection.9.16.4}{\376\377\000I\000n\000s\000t\000a\000n\000c\000e\000\040\000\050\000p\000r\000i\000o\000r\000i\000t\000y\000\040\000\050\000L\000i\000n\000e\000\040\0007\0007\000\051}{section.9.16}% 230
\BOOKMARK [2][-]{subsection.9.16.5}{\376\377\000I\000n\000s\000t\000a\000n\000c\000e\000\040\000\050\000p\000r\000i\000o\000r\000i\000t\000y\000\040\000\050\000L\000i\000n\000e\000\040\0001\0000\0005\000\051}{section.9.16}% 231
\BOOKMARK [2][-]{subsection.9.16.6}{\376\377\000I\000n\000s\000t\000a\000n\000c\000e\000\040\000\050\000p\000r\000i\000o\000r\000i\000t\000y\000\040\000\050\000L\000i\000n\000e\000\040\0001\0003\0005\000\051}{section.9.16}% 232
\BOOKMARK [2][-]{subsection.9.16.7}{\376\377\000I\000n\000s\000t\000a\000n\000c\000e\000\040\000\050\000p\000r\000i\000o\000r\000i\000t\000y\000\040\000\050\000L\000i\000n\000e\000\040\0001\0006\0006\000\051}{section.9.16}% 233
\BOOKMARK [2][-]{subsection.9.16.8}{\376\377\000I\000n\000s\000t\000a\000n\000c\000e\000\040\000\050\000p\000r\000i\000o\000r\000i\000t\000y\000\040\000\050\000L\000i\000n\000e\000\040\0001\0009\0001\000\051}{section.9.16}% 234
\BOOKMARK [2][-]{subsection.9.16.9}{\376\377\000I\000n\000s\000t\000a\000n\000c\000e\000\040\000\050\000p\000r\000i\000o\000r\000i\000t\000y\000\040\000\050\000L\000i\000n\000e\000\040\0002\0002\0003\000\051}{section.9.16}% 235
\BOOKMARK [2][-]{subsection.9.16.10}{\376\377\000I\000n\000s\000t\000a\000n\000c\000e\000\040\000\050\000p\000r\000i\000o\000r\000i\000t\000y\000\040\000\050\000L\000i\000n\000e\000\040\0002\0008\0003\000\051}{section.9.16}% 236
\BOOKMARK [2][-]{subsection.9.16.11}{\376\377\000I\000n\000s\000t\000a\000n\000c\000e\000\040\000\050\000p\000r\000i\000o\000r\000i\000t\000y\000\040\000\050\000L\000i\000n\000e\000\040\0003\0000\0008\000\051}{section.9.16}% 237
\BOOKMARK [2][-]{subsection.9.16.12}{\376\377\000I\000n\000s\000t\000a\000n\000c\000e\000\040\000\050\000p\000r\000i\000o\000r\000i\000t\000y\000\040\000\050\000L\000i\000n\000e\000\040\0003\0003\0003\000\051}{section.9.16}% 238
\BOOKMARK [2][-]{subsection.9.16.13}{\376\377\000I\000n\000s\000t\000a\000n\000c\000e\000\040\000\050\000p\000r\000i\000o\000r\000i\000t\000y\000\040\000\050\000L\000i\000n\000e\000\040\0003\0005\0007\000\051}{section.9.16}% 239
\BOOKMARK [2][-]{subsection.9.16.14}{\376\377\000I\000n\000s\000t\000a\000n\000c\000e\000\040\000\050\000p\000r\000i\000o\000r\000i\000t\000y\000\040\000\050\000L\000i\000n\000e\000\040\0003\0008\0003\000\051}{section.9.16}% 240
\BOOKMARK [2][-]{subsection.9.16.15}{\376\377\000I\000n\000s\000t\000a\000n\000c\000e\000\040\000\050\000p\000r\000i\000o\000r\000i\000t\000y\000\040\000\050\000L\000i\000n\000e\000\040\0004\0000\0008\000\051}{section.9.16}% 241
\BOOKMARK [2][-]{subsection.9.16.16}{\376\377\000I\000n\000s\000t\000a\000n\000c\000e\000\040\000\050\000p\000r\000i\000o\000r\000i\000t\000y\000\040\000\050\000L\000i\000n\000e\000\040\0004\0003\0003\000\051}{section.9.16}% 242
\BOOKMARK [2][-]{subsection.9.16.17}{\376\377\000I\000n\000s\000t\000a\000n\000c\000e\000\040\000\050\000p\000r\000i\000o\000r\000i\000t\000y\000\040\000\050\000L\000i\000n\000e\000\040\0004\0005\0009\000\051}{section.9.16}% 243
\BOOKMARK [2][-]{subsection.9.16.18}{\376\377\000I\000n\000s\000t\000a\000n\000c\000e\000\040\000\050\000p\000r\000i\000o\000r\000i\000t\000y\000\040\000\050\000L\000i\000n\000e\000\040\0004\0008\0005\000\051}{section.9.16}% 244
\BOOKMARK [2][-]{subsection.9.16.19}{\376\377\000I\000n\000s\000t\000a\000n\000c\000e\000\040\000\050\000p\000r\000i\000o\000r\000i\000t\000y\000\040\000\050\000L\000i\000n\000e\000\040\0005\0001\0001\000\051}{section.9.16}% 245
\BOOKMARK [2][-]{subsection.9.16.20}{\376\377\000I\000n\000s\000t\000a\000n\000c\000e\000\040\000\050\000p\000r\000i\000o\000r\000i\000t\000y\000\040\000\050\000L\000i\000n\000e\000\040\0005\0003\0008\000\051}{section.9.16}% 246
\BOOKMARK [2][-]{subsection.9.16.21}{\376\377\000I\000n\000s\000t\000a\000n\000c\000e\000\040\000\050\000p\000r\000i\000o\000r\000i\000t\000y\000\040\000\050\000L\000i\000n\000e\000\040\0005\0006\0005\000\051}{section.9.16}% 247
\BOOKMARK [2][-]{subsection.9.16.22}{\376\377\000I\000n\000s\000t\000a\000n\000c\000e\000\040\000\050\000p\000r\000i\000o\000r\000i\000t\000y\000\040\000\050\000L\000i\000n\000e\000\040\0005\0009\0003\000\051}{section.9.16}% 248
\BOOKMARK [2][-]{subsection.9.16.23}{\376\377\000I\000n\000s\000t\000a\000n\000c\000e\000\040\000\050\000p\000r\000i\000o\000r\000i\000t\000y\000\040\000\050\000L\000i\000n\000e\000\040\0006\0002\0001\000\051}{section.9.16}% 249
\BOOKMARK [2][-]{subsection.9.16.24}{\376\377\000I\000n\000s\000t\000a\000n\000c\000e\000\040\000\050\000p\000r\000i\000o\000r\000i\000t\000y\000\040\000\050\000L\000i\000n\000e\000\040\0006\0005\0000\000\051}{section.9.16}% 250
\BOOKMARK [2][-]{subsection.9.16.25}{\376\377\000I\000n\000s\000t\000a\000n\000c\000e\000\040\000\050\000p\000r\000i\000o\000r\000i\000t\000y\000\040\000\050\000L\000i\000n\000e\000\040\0006\0007\0008\000\051}{section.9.16}% 251
\BOOKMARK [2][-]{subsection.9.16.26}{\376\377\000I\000n\000s\000t\000a\000n\000c\000e\000\040\000\050\000p\000r\000i\000o\000r\000i\000t\000y\000\040\000\050\000L\000i\000n\000e\000\040\0007\0000\0007\000\051}{section.9.16}% 252
\BOOKMARK [2][-]{subsection.9.16.27}{\376\377\000I\000n\000s\000t\000a\000n\000c\000e\000\040\000\050\000p\000r\000i\000o\000r\000i\000t\000y\000\040\000\050\000L\000i\000n\000e\000\040\0007\0003\0007\000\051}{section.9.16}% 253
\BOOKMARK [2][-]{subsection.9.16.28}{\376\377\000I\000n\000s\000t\000a\000n\000c\000e\000\040\000\050\000p\000r\000i\000o\000r\000i\000t\000y\000\040\000\050\000L\000i\000n\000e\000\040\0007\0006\0007\000\051}{section.9.16}% 254
\BOOKMARK [2][-]{subsection.9.16.29}{\376\377\000I\000n\000s\000t\000a\000n\000c\000e\000\040\000\050\000p\000r\000i\000o\000r\000i\000t\000y\000\040\000\050\000L\000i\000n\000e\000\040\0007\0009\0008\000\051}{section.9.16}% 255
\BOOKMARK [2][-]{subsection.9.16.30}{\376\377\000I\000n\000s\000t\000a\000n\000c\000e\000\040\000\050\000p\000r\000i\000o\000r\000i\000t\000y\000\040\000\050\000L\000i\000n\000e\000\040\0008\0003\0001\000\051}{section.9.16}% 256
\BOOKMARK [2][-]{subsection.9.16.31}{\376\377\000I\000n\000s\000t\000a\000n\000c\000e\000\040\000\050\000p\000r\000i\000o\000r\000i\000t\000y\000\040\000\050\000L\000i\000n\000e\000\040\0008\0006\0007\000\051}{section.9.16}% 257
\BOOKMARK [2][-]{subsection.9.16.32}{\376\377\000I\000n\000s\000t\000a\000n\000c\000e\000\040\000\050\000p\000r\000i\000o\000r\000i\000t\000y\000\040\000\050\000L\000i\000n\000e\000\040\0009\0000\0000\000\051}{section.9.16}% 258
\BOOKMARK [2][-]{subsection.9.16.33}{\376\377\000I\000n\000s\000t\000a\000n\000c\000e\000\040\000\050\000p\000r\000i\000o\000r\000i\000t\000y\000\040\000\050\000L\000i\000n\000e\000\040\0009\0003\0001\000\051}{section.9.16}% 259
\BOOKMARK [2][-]{subsection.9.16.34}{\376\377\000I\000n\000s\000t\000a\000n\000c\000e\000\040\000\050\000p\000r\000i\000o\000r\000i\000t\000y\000\040\000\050\000L\000i\000n\000e\000\040\0009\0006\0007\000\051}{section.9.16}% 260
\BOOKMARK [2][-]{subsection.9.16.35}{\376\377\000I\000n\000s\000t\000a\000n\000c\000e\000\040\000\050\000p\000r\000i\000o\000r\000i\000t\000y\000\040\000\050\000L\000i\000n\000e\000\040\0009\0009\0009\000\051}{section.9.16}% 261
\BOOKMARK [2][-]{subsection.9.16.36}{\376\377\000I\000n\000s\000t\000a\000n\000c\000e\000\040\000\050\000p\000r\000i\000o\000r\000i\000t\000y\000\040\000\050\000L\000i\000n\000e\000\040\0001\0000\0003\0001\000\051}{section.9.16}% 262
\BOOKMARK [2][-]{subsection.9.16.37}{\376\377\000I\000n\000s\000t\000a\000n\000c\000e\000\040\000\050\000p\000r\000i\000o\000r\000i\000t\000y\000\040\000\050\000L\000i\000n\000e\000\040\0001\0000\0006\0003\000\051}{section.9.16}% 263
\BOOKMARK [1][-]{section.9.17}{\376\377\000F\000i\000l\000e\000:\000\040\000E\000p\000i\000s\000o\000d\000e\0001\0008\000.\000l\000e\000a\000n}{chapter.9}% 264
\BOOKMARK [2][-]{subsection.9.17.1}{\376\377\000I\000n\000s\000t\000a\000n\000c\000e\000\040\000\050\000p\000r\000i\000o\000r\000i\000t\000y\000\040\000\050\000L\000i\000n\000e\000\040\0003\0000\000\051}{section.9.17}% 265
\BOOKMARK [2][-]{subsection.9.17.2}{\376\377\000I\000n\000s\000t\000a\000n\000c\000e\000\040\000\050\000p\000r\000i\000o\000r\000i\000t\000y\000\040\000\050\000L\000i\000n\000e\000\040\0006\0007\000\051}{section.9.17}% 266
\BOOKMARK [2][-]{subsection.9.17.3}{\376\377\000I\000n\000s\000t\000a\000n\000c\000e\000\040\000\050\000p\000r\000i\000o\000r\000i\000t\000y\000\040\000\050\000L\000i\000n\000e\000\040\0001\0000\0006\000\051}{section.9.17}% 267
\BOOKMARK [2][-]{subsection.9.17.4}{\376\377\000I\000n\000s\000t\000a\000n\000c\000e\000\040\000\050\000p\000r\000i\000o\000r\000i\000t\000y\000\040\000\050\000L\000i\000n\000e\000\040\0001\0004\0006\000\051}{section.9.17}% 268
\BOOKMARK [2][-]{subsection.9.17.5}{\376\377\000I\000n\000s\000t\000a\000n\000c\000e\000\040\000\050\000p\000r\000i\000o\000r\000i\000t\000y\000\040\000\050\000L\000i\000n\000e\000\040\0001\0008\0008\000\051}{section.9.17}% 269
\BOOKMARK [2][-]{subsection.9.17.6}{\376\377\000I\000n\000s\000t\000a\000n\000c\000e\000\040\000\050\000p\000r\000i\000o\000r\000i\000t\000y\000\040\000\050\000L\000i\000n\000e\000\040\0002\0002\0009\000\051}{section.9.17}% 270
\BOOKMARK [2][-]{subsection.9.17.7}{\376\377\000I\000n\000s\000t\000a\000n\000c\000e\000\040\000\050\000p\000r\000i\000o\000r\000i\000t\000y\000\040\000\050\000L\000i\000n\000e\000\040\0002\0007\0006\000\051}{section.9.17}% 271
\BOOKMARK [2][-]{subsection.9.17.8}{\376\377\000I\000n\000s\000t\000a\000n\000c\000e\000\040\000\050\000p\000r\000i\000o\000r\000i\000t\000y\000\040\000\050\000L\000i\000n\000e\000\040\0003\0001\0007\000\051}{section.9.17}% 272
\BOOKMARK [2][-]{subsection.9.17.9}{\376\377\000I\000n\000s\000t\000a\000n\000c\000e\000\040\000\050\000p\000r\000i\000o\000r\000i\000t\000y\000\040\000\050\000L\000i\000n\000e\000\040\0003\0005\0008\000\051}{section.9.17}% 273
\BOOKMARK [2][-]{subsection.9.17.10}{\376\377\000I\000n\000s\000t\000a\000n\000c\000e\000\040\000\050\000p\000r\000i\000o\000r\000i\000t\000y\000\040\000\050\000L\000i\000n\000e\000\040\0004\0000\0008\000\051}{section.9.17}% 274
\BOOKMARK [2][-]{subsection.9.17.11}{\376\377\000I\000n\000s\000t\000a\000n\000c\000e\000\040\000\050\000p\000r\000i\000o\000r\000i\000t\000y\000\040\000\050\000L\000i\000n\000e\000\040\0004\0005\0001\000\051}{section.9.17}% 275
\BOOKMARK [2][-]{subsection.9.17.12}{\376\377\000I\000n\000s\000t\000a\000n\000c\000e\000\040\000\050\000p\000r\000i\000o\000r\000i\000t\000y\000\040\000\050\000L\000i\000n\000e\000\040\0004\0009\0004\000\051}{section.9.17}% 276
\BOOKMARK [2][-]{subsection.9.17.13}{\376\377\000I\000n\000s\000t\000a\000n\000c\000e\000\040\000\050\000p\000r\000i\000o\000r\000i\000t\000y\000\040\000\050\000L\000i\000n\000e\000\040\0005\0003\0008\000\051}{section.9.17}% 277
\BOOKMARK [2][-]{subsection.9.17.14}{\376\377\000I\000n\000s\000t\000a\000n\000c\000e\000\040\000\050\000p\000r\000i\000o\000r\000i\000t\000y\000\040\000\050\000L\000i\000n\000e\000\040\0005\0008\0000\000\051}{section.9.17}% 278
\BOOKMARK [2][-]{subsection.9.17.15}{\376\377\000I\000n\000s\000t\000a\000n\000c\000e\000\040\000\050\000p\000r\000i\000o\000r\000i\000t\000y\000\040\000\050\000L\000i\000n\000e\000\040\0006\0002\0002\000\051}{section.9.17}% 279
\BOOKMARK [2][-]{subsection.9.17.16}{\376\377\000I\000n\000s\000t\000a\000n\000c\000e\000\040\000\050\000p\000r\000i\000o\000r\000i\000t\000y\000\040\000\050\000L\000i\000n\000e\000\040\0006\0006\0004\000\051}{section.9.17}% 280
\BOOKMARK [2][-]{subsection.9.17.17}{\376\377\000I\000n\000s\000t\000a\000n\000c\000e\000\040\000\050\000p\000r\000i\000o\000r\000i\000t\000y\000\040\000\050\000L\000i\000n\000e\000\040\0007\0000\0007\000\051}{section.9.17}% 281
\BOOKMARK [2][-]{subsection.9.17.18}{\376\377\000I\000n\000s\000t\000a\000n\000c\000e\000\040\000\050\000p\000r\000i\000o\000r\000i\000t\000y\000\040\000\050\000L\000i\000n\000e\000\040\0007\0005\0002\000\051}{section.9.17}% 282
\BOOKMARK [2][-]{subsection.9.17.19}{\376\377\000I\000n\000s\000t\000a\000n\000c\000e\000\040\000\050\000p\000r\000i\000o\000r\000i\000t\000y\000\040\000\050\000L\000i\000n\000e\000\040\0007\0009\0007\000\051}{section.9.17}% 283
\BOOKMARK [2][-]{subsection.9.17.20}{\376\377\000I\000n\000s\000t\000a\000n\000c\000e\000\040\000\050\000p\000r\000i\000o\000r\000i\000t\000y\000\040\000\050\000L\000i\000n\000e\000\040\0008\0004\0001\000\051}{section.9.17}% 284
\BOOKMARK [2][-]{subsection.9.17.21}{\376\377\000I\000n\000s\000t\000a\000n\000c\000e\000\040\000\050\000p\000r\000i\000o\000r\000i\000t\000y\000\040\000\050\000L\000i\000n\000e\000\040\0008\0008\0006\000\051}{section.9.17}% 285
\BOOKMARK [2][-]{subsection.9.17.22}{\376\377\000I\000n\000s\000t\000a\000n\000c\000e\000\040\000\050\000p\000r\000i\000o\000r\000i\000t\000y\000\040\000\050\000L\000i\000n\000e\000\040\0009\0003\0001\000\051}{section.9.17}% 286
\BOOKMARK [2][-]{subsection.9.17.23}{\376\377\000I\000n\000s\000t\000a\000n\000c\000e\000\040\000\050\000p\000r\000i\000o\000r\000i\000t\000y\000\040\000\050\000L\000i\000n\000e\000\040\0009\0007\0005\000\051}{section.9.17}% 287
\BOOKMARK [2][-]{subsection.9.17.24}{\376\377\000I\000n\000s\000t\000a\000n\000c\000e\000\040\000\050\000p\000r\000i\000o\000r\000i\000t\000y\000\040\000\050\000L\000i\000n\000e\000\040\0001\0000\0002\0000\000\051}{section.9.17}% 288
\BOOKMARK [2][-]{subsection.9.17.25}{\376\377\000I\000n\000s\000t\000a\000n\000c\000e\000\040\000\050\000p\000r\000i\000o\000r\000i\000t\000y\000\040\000\050\000L\000i\000n\000e\000\040\0001\0000\0006\0004\000\051}{section.9.17}% 289
\BOOKMARK [2][-]{subsection.9.17.26}{\376\377\000I\000n\000s\000t\000a\000n\000c\000e\000\040\000\050\000p\000r\000i\000o\000r\000i\000t\000y\000\040\000\050\000L\000i\000n\000e\000\040\0001\0001\0000\0008\000\051}{section.9.17}% 290
\BOOKMARK [2][-]{subsection.9.17.27}{\376\377\000I\000n\000s\000t\000a\000n\000c\000e\000\040\000\050\000p\000r\000i\000o\000r\000i\000t\000y\000\040\000\050\000L\000i\000n\000e\000\040\0001\0001\0005\0007\000\051}{section.9.17}% 291
\BOOKMARK [2][-]{subsection.9.17.28}{\376\377\000I\000n\000s\000t\000a\000n\000c\000e\000\040\000\050\000p\000r\000i\000o\000r\000i\000t\000y\000\040\000\050\000L\000i\000n\000e\000\040\0001\0002\0000\0003\000\051}{section.9.17}% 292
\BOOKMARK [2][-]{subsection.9.17.29}{\376\377\000I\000n\000s\000t\000a\000n\000c\000e\000\040\000\050\000p\000r\000i\000o\000r\000i\000t\000y\000\040\000\050\000L\000i\000n\000e\000\040\0001\0002\0005\0001\000\051}{section.9.17}% 293
\BOOKMARK [2][-]{subsection.9.17.30}{\376\377\000I\000n\000s\000t\000a\000n\000c\000e\000\040\000\050\000p\000r\000i\000o\000r\000i\000t\000y\000\040\000\050\000L\000i\000n\000e\000\040\0001\0003\0000\0000\000\051}{section.9.17}% 294
\BOOKMARK [2][-]{subsection.9.17.31}{\376\377\000I\000n\000s\000t\000a\000n\000c\000e\000\040\000\050\000p\000r\000i\000o\000r\000i\000t\000y\000\040\000\050\000L\000i\000n\000e\000\040\0001\0003\0004\0008\000\051}{section.9.17}% 295
\BOOKMARK [2][-]{subsection.9.17.32}{\376\377\000I\000n\000s\000t\000a\000n\000c\000e\000\040\000\050\000p\000r\000i\000o\000r\000i\000t\000y\000\040\000\050\000L\000i\000n\000e\000\040\0001\0003\0009\0009\000\051}{section.9.17}% 296
\BOOKMARK [2][-]{subsection.9.17.33}{\376\377\000I\000n\000s\000t\000a\000n\000c\000e\000\040\000\050\000p\000r\000i\000o\000r\000i\000t\000y\000\040\000\050\000L\000i\000n\000e\000\040\0001\0004\0005\0001\000\051}{section.9.17}% 297
\BOOKMARK [2][-]{subsection.9.17.34}{\376\377\000I\000n\000s\000t\000a\000n\000c\000e\000\040\000\050\000p\000r\000i\000o\000r\000i\000t\000y\000\040\000\050\000L\000i\000n\000e\000\040\0001\0005\0001\0004\000\051}{section.9.17}% 298
\BOOKMARK [2][-]{subsection.9.17.35}{\376\377\000I\000n\000s\000t\000a\000n\000c\000e\000\040\000\050\000p\000r\000i\000o\000r\000i\000t\000y\000\040\000\050\000L\000i\000n\000e\000\040\0001\0005\0009\0008\000\051}{section.9.17}% 299
\BOOKMARK [2][-]{subsection.9.17.36}{\376\377\000I\000n\000s\000t\000a\000n\000c\000e\000\040\000\050\000p\000r\000i\000o\000r\000i\000t\000y\000\040\000\050\000L\000i\000n\000e\000\040\0001\0006\0006\0002\000\051}{section.9.17}% 300
\BOOKMARK [1][-]{section.9.18}{\376\377\000F\000i\000l\000e\000:\000\040\000E\000p\000i\000s\000o\000d\000e\0001\0009\000.\000l\000e\000a\000n}{chapter.9}% 301
\BOOKMARK [2][-]{subsection.9.18.1}{\376\377\000C\000l\000a\000s\000s\000\040\000T\000R\000A\000C\000E\000D\000\040\000\050\000L\000i\000n\000e\000\040\0001\0000\000\051}{section.9.18}% 302
\BOOKMARK [2][-]{subsection.9.18.2}{\376\377\000I\000n\000s\000t\000a\000n\000c\000e\000\040\000\050\000p\000r\000i\000o\000r\000i\000t\000y\000\040\000\050\000L\000i\000n\000e\000\040\0001\0003\000\051}{section.9.18}% 303
\BOOKMARK [2][-]{subsection.9.18.3}{\376\377\000I\000n\000s\000t\000a\000n\000c\000e\000\040\000\050\000p\000r\000i\000o\000r\000i\000t\000y\000\040\000\050\000L\000i\000n\000e\000\040\0001\0008\000\051}{section.9.18}% 304
\BOOKMARK [2][-]{subsection.9.18.4}{\376\377\000I\000n\000s\000t\000a\000n\000c\000e\000\040\000\050\000p\000r\000i\000o\000r\000i\000t\000y\000\040\000\050\000L\000i\000n\000e\000\040\0007\0003\000\051}{section.9.18}% 305
\BOOKMARK [2][-]{subsection.9.18.5}{\376\377\000I\000n\000s\000t\000a\000n\000c\000e\000\040\000\050\000p\000r\000i\000o\000r\000i\000t\000y\000\040\000\050\000L\000i\000n\000e\000\040\0001\0003\0007\000\051}{section.9.18}% 306
\BOOKMARK [2][-]{subsection.9.18.6}{\376\377\000I\000n\000s\000t\000a\000n\000c\000e\000\040\000\050\000p\000r\000i\000o\000r\000i\000t\000y\000\040\000\050\000L\000i\000n\000e\000\040\0002\0000\0002\000\051}{section.9.18}% 307
\BOOKMARK [2][-]{subsection.9.18.7}{\376\377\000I\000n\000s\000t\000a\000n\000c\000e\000\040\000\050\000p\000r\000i\000o\000r\000i\000t\000y\000\040\000\050\000L\000i\000n\000e\000\040\0002\0005\0008\000\051}{section.9.18}% 308
\BOOKMARK [2][-]{subsection.9.18.8}{\376\377\000I\000n\000s\000t\000a\000n\000c\000e\000\040\000\050\000p\000r\000i\000o\000r\000i\000t\000y\000\040\000\050\000L\000i\000n\000e\000\040\0003\0001\0004\000\051}{section.9.18}% 309
\BOOKMARK [2][-]{subsection.9.18.9}{\376\377\000I\000n\000s\000t\000a\000n\000c\000e\000\040\000\050\000p\000r\000i\000o\000r\000i\000t\000y\000\040\000\050\000L\000i\000n\000e\000\040\0003\0007\0007\000\051}{section.9.18}% 310
\BOOKMARK [2][-]{subsection.9.18.10}{\376\377\000I\000n\000s\000t\000a\000n\000c\000e\000\040\000\050\000p\000r\000i\000o\000r\000i\000t\000y\000\040\000\050\000L\000i\000n\000e\000\040\0004\0004\0006\000\051}{section.9.18}% 311
\BOOKMARK [2][-]{subsection.9.18.11}{\376\377\000I\000n\000s\000t\000a\000n\000c\000e\000\040\000\050\000p\000r\000i\000o\000r\000i\000t\000y\000\040\000\050\000L\000i\000n\000e\000\040\0005\0001\0002\000\051}{section.9.18}% 312
\BOOKMARK [2][-]{subsection.9.18.12}{\376\377\000I\000n\000s\000t\000a\000n\000c\000e\000\040\000\050\000p\000r\000i\000o\000r\000i\000t\000y\000\040\000\050\000L\000i\000n\000e\000\040\0005\0007\0006\000\051}{section.9.18}% 313
\BOOKMARK [2][-]{subsection.9.18.13}{\376\377\000I\000n\000s\000t\000a\000n\000c\000e\000\040\000\050\000p\000r\000i\000o\000r\000i\000t\000y\000\040\000\050\000L\000i\000n\000e\000\040\0006\0003\0006\000\051}{section.9.18}% 314
\BOOKMARK [2][-]{subsection.9.18.14}{\376\377\000I\000n\000s\000t\000a\000n\000c\000e\000\040\000\050\000p\000r\000i\000o\000r\000i\000t\000y\000\040\000\050\000L\000i\000n\000e\000\040\0006\0009\0008\000\051}{section.9.18}% 315
\BOOKMARK [2][-]{subsection.9.18.15}{\376\377\000I\000n\000s\000t\000a\000n\000c\000e\000\040\000\050\000p\000r\000i\000o\000r\000i\000t\000y\000\040\000\050\000L\000i\000n\000e\000\040\0007\0006\0001\000\051}{section.9.18}% 316
\BOOKMARK [2][-]{subsection.9.18.16}{\376\377\000I\000n\000s\000t\000a\000n\000c\000e\000\040\000\050\000p\000r\000i\000o\000r\000i\000t\000y\000\040\000\050\000L\000i\000n\000e\000\040\0008\0002\0004\000\051}{section.9.18}% 317
\BOOKMARK [2][-]{subsection.9.18.17}{\376\377\000I\000n\000s\000t\000a\000n\000c\000e\000\040\000\050\000p\000r\000i\000o\000r\000i\000t\000y\000\040\000\050\000L\000i\000n\000e\000\040\0008\0008\0007\000\051}{section.9.18}% 318
\BOOKMARK [2][-]{subsection.9.18.18}{\376\377\000I\000n\000s\000t\000a\000n\000c\000e\000\040\000\050\000p\000r\000i\000o\000r\000i\000t\000y\000\040\000\050\000L\000i\000n\000e\000\040\0009\0005\0000\000\051}{section.9.18}% 319
\BOOKMARK [2][-]{subsection.9.18.19}{\376\377\000I\000n\000s\000t\000a\000n\000c\000e\000\040\000\050\000p\000r\000i\000o\000r\000i\000t\000y\000\040\000\050\000L\000i\000n\000e\000\040\0001\0000\0001\0003\000\051}{section.9.18}% 320
\BOOKMARK [2][-]{subsection.9.18.20}{\376\377\000I\000n\000s\000t\000a\000n\000c\000e\000\040\000\050\000p\000r\000i\000o\000r\000i\000t\000y\000\040\000\050\000L\000i\000n\000e\000\040\0001\0000\0007\0005\000\051}{section.9.18}% 321
\BOOKMARK [2][-]{subsection.9.18.21}{\376\377\000I\000n\000s\000t\000a\000n\000c\000e\000\040\000\050\000p\000r\000i\000o\000r\000i\000t\000y\000\040\000\050\000L\000i\000n\000e\000\040\0001\0001\0003\0008\000\051}{section.9.18}% 322
\BOOKMARK [2][-]{subsection.9.18.22}{\376\377\000I\000n\000s\000t\000a\000n\000c\000e\000\040\000\050\000p\000r\000i\000o\000r\000i\000t\000y\000\040\000\050\000L\000i\000n\000e\000\040\0001\0002\0000\0001\000\051}{section.9.18}% 323
\BOOKMARK [2][-]{subsection.9.18.23}{\376\377\000I\000n\000s\000t\000a\000n\000c\000e\000\040\000\050\000p\000r\000i\000o\000r\000i\000t\000y\000\040\000\050\000L\000i\000n\000e\000\040\0001\0002\0006\0004\000\051}{section.9.18}% 324
\BOOKMARK [2][-]{subsection.9.18.24}{\376\377\000I\000n\000s\000t\000a\000n\000c\000e\000\040\000\050\000p\000r\000i\000o\000r\000i\000t\000y\000\040\000\050\000L\000i\000n\000e\000\040\0001\0003\0002\0007\000\051}{section.9.18}% 325
\BOOKMARK [2][-]{subsection.9.18.25}{\376\377\000I\000n\000s\000t\000a\000n\000c\000e\000\040\000\050\000p\000r\000i\000o\000r\000i\000t\000y\000\040\000\050\000L\000i\000n\000e\000\040\0001\0003\0009\0000\000\051}{section.9.18}% 326
\BOOKMARK [2][-]{subsection.9.18.26}{\376\377\000I\000n\000s\000t\000a\000n\000c\000e\000\040\000\050\000p\000r\000i\000o\000r\000i\000t\000y\000\040\000\050\000L\000i\000n\000e\000\040\0001\0004\0005\0002\000\051}{section.9.18}% 327
\BOOKMARK [2][-]{subsection.9.18.27}{\376\377\000I\000n\000s\000t\000a\000n\000c\000e\000\040\000\050\000p\000r\000i\000o\000r\000i\000t\000y\000\040\000\050\000L\000i\000n\000e\000\040\0001\0005\0001\0004\000\051}{section.9.18}% 328
\BOOKMARK [2][-]{subsection.9.18.28}{\376\377\000I\000n\000s\000t\000a\000n\000c\000e\000\040\000\050\000p\000r\000i\000o\000r\000i\000t\000y\000\040\000\050\000L\000i\000n\000e\000\040\0001\0005\0007\0006\000\051}{section.9.18}% 329
\BOOKMARK [2][-]{subsection.9.18.29}{\376\377\000I\000n\000s\000t\000a\000n\000c\000e\000\040\000\050\000p\000r\000i\000o\000r\000i\000t\000y\000\040\000\050\000L\000i\000n\000e\000\040\0001\0006\0003\0007\000\051}{section.9.18}% 330
\BOOKMARK [2][-]{subsection.9.18.30}{\376\377\000I\000n\000s\000t\000a\000n\000c\000e\000\040\000\050\000p\000r\000i\000o\000r\000i\000t\000y\000\040\000\050\000L\000i\000n\000e\000\040\0001\0006\0009\0009\000\051}{section.9.18}% 331
\BOOKMARK [2][-]{subsection.9.18.31}{\376\377\000I\000n\000s\000t\000a\000n\000c\000e\000\040\000\050\000p\000r\000i\000o\000r\000i\000t\000y\000\040\000\050\000L\000i\000n\000e\000\040\0001\0007\0006\0000\000\051}{section.9.18}% 332
\BOOKMARK [2][-]{subsection.9.18.32}{\376\377\000I\000n\000s\000t\000a\000n\000c\000e\000\040\000\050\000p\000r\000i\000o\000r\000i\000t\000y\000\040\000\050\000L\000i\000n\000e\000\040\0001\0008\0002\0002\000\051}{section.9.18}% 333
\BOOKMARK [2][-]{subsection.9.18.33}{\376\377\000I\000n\000s\000t\000a\000n\000c\000e\000\040\000\050\000p\000r\000i\000o\000r\000i\000t\000y\000\040\000\050\000L\000i\000n\000e\000\040\0001\0008\0008\0003\000\051}{section.9.18}% 334
\BOOKMARK [2][-]{subsection.9.18.34}{\376\377\000I\000n\000s\000t\000a\000n\000c\000e\000\040\000\050\000p\000r\000i\000o\000r\000i\000t\000y\000\040\000\050\000L\000i\000n\000e\000\040\0001\0009\0004\0003\000\051}{section.9.18}% 335
\BOOKMARK [2][-]{subsection.9.18.35}{\376\377\000I\000n\000s\000t\000a\000n\000c\000e\000\040\000\050\000p\000r\000i\000o\000r\000i\000t\000y\000\040\000\050\000L\000i\000n\000e\000\040\0002\0000\0000\0003\000\051}{section.9.18}% 336
\BOOKMARK [2][-]{subsection.9.18.36}{\376\377\000I\000n\000s\000t\000a\000n\000c\000e\000\040\000\050\000p\000r\000i\000o\000r\000i\000t\000y\000\040\000\050\000L\000i\000n\000e\000\040\0002\0000\0006\0003\000\051}{section.9.18}% 337
\BOOKMARK [2][-]{subsection.9.18.37}{\376\377\000I\000n\000s\000t\000a\000n\000c\000e\000\040\000\050\000p\000r\000i\000o\000r\000i\000t\000y\000\040\000\050\000L\000i\000n\000e\000\040\0002\0001\0002\0003\000\051}{section.9.18}% 338
\BOOKMARK [1][-]{section.9.19}{\376\377\000F\000i\000l\000e\000:\000\040\000E\000p\000i\000s\000o\000d\000e\0002\0000\000.\000l\000e\000a\000n}{chapter.9}% 339
\BOOKMARK [2][-]{subsection.9.19.1}{\376\377\000C\000l\000a\000s\000s\000\040\000E\000X\000E\000C\000U\000T\000E\000D\000\137\000T\000R\000A\000C\000E\000\040\000\050\000L\000i\000n\000e\000\040\0001\0002\000\051}{section.9.19}% 340
\BOOKMARK [2][-]{subsection.9.19.2}{\376\377\000I\000n\000s\000t\000a\000n\000c\000e\000\040\000\050\000p\000r\000i\000o\000r\000i\000t\000y\000\040\000\050\000L\000i\000n\000e\000\040\0001\0008\000\051}{section.9.19}% 341
\BOOKMARK [2][-]{subsection.9.19.3}{\376\377\000I\000n\000s\000t\000a\000n\000c\000e\000\040\000\050\000p\000r\000i\000o\000r\000i\000t\000y\000\040\000\050\000L\000i\000n\000e\000\040\0002\0009\000\051}{section.9.19}% 342
\BOOKMARK [2][-]{subsection.9.19.4}{\376\377\000I\000n\000s\000t\000a\000n\000c\000e\000\040\000\050\000p\000r\000i\000o\000r\000i\000t\000y\000\040\000\050\000L\000i\000n\000e\000\040\0004\0009\000\051}{section.9.19}% 343
\BOOKMARK [2][-]{subsection.9.19.5}{\376\377\000I\000n\000s\000t\000a\000n\000c\000e\000\040\000\050\000p\000r\000i\000o\000r\000i\000t\000y\000\040\000\050\000L\000i\000n\000e\000\040\0006\0004\000\051}{section.9.19}% 344
\BOOKMARK [2][-]{subsection.9.19.6}{\376\377\000I\000n\000s\000t\000a\000n\000c\000e\000\040\000\050\000p\000r\000i\000o\000r\000i\000t\000y\000\040\000\050\000L\000i\000n\000e\000\040\0007\0009\000\051}{section.9.19}% 345
\BOOKMARK [2][-]{subsection.9.19.7}{\376\377\000I\000n\000s\000t\000a\000n\000c\000e\000\040\000\050\000p\000r\000i\000o\000r\000i\000t\000y\000\040\000\050\000L\000i\000n\000e\000\040\0009\0004\000\051}{section.9.19}% 346
\BOOKMARK [2][-]{subsection.9.19.8}{\376\377\000I\000n\000s\000t\000a\000n\000c\000e\000\040\000\050\000p\000r\000i\000o\000r\000i\000t\000y\000\040\000\050\000L\000i\000n\000e\000\040\0001\0000\0009\000\051}{section.9.19}% 347
\BOOKMARK [2][-]{subsection.9.19.9}{\376\377\000I\000n\000s\000t\000a\000n\000c\000e\000\040\000\050\000p\000r\000i\000o\000r\000i\000t\000y\000\040\000\050\000L\000i\000n\000e\000\040\0001\0002\0004\000\051}{section.9.19}% 348
\BOOKMARK [2][-]{subsection.9.19.10}{\376\377\000I\000n\000s\000t\000a\000n\000c\000e\000\040\000\050\000p\000r\000i\000o\000r\000i\000t\000y\000\040\000\050\000L\000i\000n\000e\000\040\0001\0003\0009\000\051}{section.9.19}% 349
\BOOKMARK [2][-]{subsection.9.19.11}{\376\377\000I\000n\000s\000t\000a\000n\000c\000e\000\040\000\050\000p\000r\000i\000o\000r\000i\000t\000y\000\040\000\050\000L\000i\000n\000e\000\040\0001\0005\0004\000\051}{section.9.19}% 350
\BOOKMARK [2][-]{subsection.9.19.12}{\376\377\000I\000n\000s\000t\000a\000n\000c\000e\000\040\000\050\000p\000r\000i\000o\000r\000i\000t\000y\000\040\000\050\000L\000i\000n\000e\000\040\0001\0006\0009\000\051}{section.9.19}% 351
\BOOKMARK [2][-]{subsection.9.19.13}{\376\377\000I\000n\000s\000t\000a\000n\000c\000e\000\040\000\050\000p\000r\000i\000o\000r\000i\000t\000y\000\040\000\050\000L\000i\000n\000e\000\040\0001\0008\0004\000\051}{section.9.19}% 352
\BOOKMARK [2][-]{subsection.9.19.14}{\376\377\000I\000n\000s\000t\000a\000n\000c\000e\000\040\000\050\000p\000r\000i\000o\000r\000i\000t\000y\000\040\000\050\000L\000i\000n\000e\000\040\0001\0009\0009\000\051}{section.9.19}% 353
\BOOKMARK [2][-]{subsection.9.19.15}{\376\377\000I\000n\000s\000t\000a\000n\000c\000e\000\040\000\050\000p\000r\000i\000o\000r\000i\000t\000y\000\040\000\050\000L\000i\000n\000e\000\040\0002\0001\0004\000\051}{section.9.19}% 354
\BOOKMARK [2][-]{subsection.9.19.16}{\376\377\000I\000n\000s\000t\000a\000n\000c\000e\000\040\000\050\000p\000r\000i\000o\000r\000i\000t\000y\000\040\000\050\000L\000i\000n\000e\000\040\0002\0002\0009\000\051}{section.9.19}% 355
\BOOKMARK [2][-]{subsection.9.19.17}{\376\377\000I\000n\000s\000t\000a\000n\000c\000e\000\040\000\050\000p\000r\000i\000o\000r\000i\000t\000y\000\040\000\050\000L\000i\000n\000e\000\040\0002\0004\0004\000\051}{section.9.19}% 356
\BOOKMARK [2][-]{subsection.9.19.18}{\376\377\000I\000n\000s\000t\000a\000n\000c\000e\000\040\000\050\000p\000r\000i\000o\000r\000i\000t\000y\000\040\000\050\000L\000i\000n\000e\000\040\0002\0005\0009\000\051}{section.9.19}% 357
\BOOKMARK [2][-]{subsection.9.19.19}{\376\377\000I\000n\000s\000t\000a\000n\000c\000e\000\040\000\050\000p\000r\000i\000o\000r\000i\000t\000y\000\040\000\050\000L\000i\000n\000e\000\040\0002\0007\0004\000\051}{section.9.19}% 358
\BOOKMARK [2][-]{subsection.9.19.20}{\376\377\000I\000n\000s\000t\000a\000n\000c\000e\000\040\000\050\000p\000r\000i\000o\000r\000i\000t\000y\000\040\000\050\000L\000i\000n\000e\000\040\0002\0008\0009\000\051}{section.9.19}% 359
\BOOKMARK [2][-]{subsection.9.19.21}{\376\377\000I\000n\000s\000t\000a\000n\000c\000e\000\040\000\050\000p\000r\000i\000o\000r\000i\000t\000y\000\040\000\050\000L\000i\000n\000e\000\040\0003\0000\0004\000\051}{section.9.19}% 360
\BOOKMARK [2][-]{subsection.9.19.22}{\376\377\000I\000n\000s\000t\000a\000n\000c\000e\000\040\000\050\000p\000r\000i\000o\000r\000i\000t\000y\000\040\000\050\000L\000i\000n\000e\000\040\0003\0001\0009\000\051}{section.9.19}% 361
\BOOKMARK [2][-]{subsection.9.19.23}{\376\377\000I\000n\000s\000t\000a\000n\000c\000e\000\040\000\050\000p\000r\000i\000o\000r\000i\000t\000y\000\040\000\050\000L\000i\000n\000e\000\040\0003\0003\0004\000\051}{section.9.19}% 362
\BOOKMARK [2][-]{subsection.9.19.24}{\376\377\000I\000n\000s\000t\000a\000n\000c\000e\000\040\000\050\000p\000r\000i\000o\000r\000i\000t\000y\000\040\000\050\000L\000i\000n\000e\000\040\0003\0004\0009\000\051}{section.9.19}% 363
\BOOKMARK [2][-]{subsection.9.19.25}{\376\377\000I\000n\000s\000t\000a\000n\000c\000e\000\040\000\050\000p\000r\000i\000o\000r\000i\000t\000y\000\040\000\050\000L\000i\000n\000e\000\040\0003\0006\0004\000\051}{section.9.19}% 364
\BOOKMARK [2][-]{subsection.9.19.26}{\376\377\000I\000n\000s\000t\000a\000n\000c\000e\000\040\000\050\000p\000r\000i\000o\000r\000i\000t\000y\000\040\000\050\000L\000i\000n\000e\000\040\0003\0007\0009\000\051}{section.9.19}% 365
\BOOKMARK [2][-]{subsection.9.19.27}{\376\377\000I\000n\000s\000t\000a\000n\000c\000e\000\040\000\050\000p\000r\000i\000o\000r\000i\000t\000y\000\040\000\050\000L\000i\000n\000e\000\040\0003\0009\0004\000\051}{section.9.19}% 366
\BOOKMARK [2][-]{subsection.9.19.28}{\376\377\000I\000n\000s\000t\000a\000n\000c\000e\000\040\000\050\000p\000r\000i\000o\000r\000i\000t\000y\000\040\000\050\000L\000i\000n\000e\000\040\0004\0000\0009\000\051}{section.9.19}% 367
\BOOKMARK [2][-]{subsection.9.19.29}{\376\377\000I\000n\000s\000t\000a\000n\000c\000e\000\040\000\050\000p\000r\000i\000o\000r\000i\000t\000y\000\040\000\050\000L\000i\000n\000e\000\040\0004\0002\0004\000\051}{section.9.19}% 368
\BOOKMARK [2][-]{subsection.9.19.30}{\376\377\000I\000n\000s\000t\000a\000n\000c\000e\000\040\000\050\000p\000r\000i\000o\000r\000i\000t\000y\000\040\000\050\000L\000i\000n\000e\000\040\0004\0003\0009\000\051}{section.9.19}% 369
\BOOKMARK [2][-]{subsection.9.19.31}{\376\377\000I\000n\000s\000t\000a\000n\000c\000e\000\040\000\050\000p\000r\000i\000o\000r\000i\000t\000y\000\040\000\050\000L\000i\000n\000e\000\040\0004\0005\0004\000\051}{section.9.19}% 370
\BOOKMARK [2][-]{subsection.9.19.32}{\376\377\000I\000n\000s\000t\000a\000n\000c\000e\000\040\000\050\000p\000r\000i\000o\000r\000i\000t\000y\000\040\000\050\000L\000i\000n\000e\000\040\0004\0006\0009\000\051}{section.9.19}% 371
\BOOKMARK [2][-]{subsection.9.19.33}{\376\377\000I\000n\000s\000t\000a\000n\000c\000e\000\040\000\050\000p\000r\000i\000o\000r\000i\000t\000y\000\040\000\050\000L\000i\000n\000e\000\040\0004\0008\0004\000\051}{section.9.19}% 372
\BOOKMARK [2][-]{subsection.9.19.34}{\376\377\000I\000n\000s\000t\000a\000n\000c\000e\000\040\000\050\000p\000r\000i\000o\000r\000i\000t\000y\000\040\000\050\000L\000i\000n\000e\000\040\0004\0009\0009\000\051}{section.9.19}% 373
\BOOKMARK [2][-]{subsection.9.19.35}{\376\377\000I\000n\000s\000t\000a\000n\000c\000e\000\040\000\050\000p\000r\000i\000o\000r\000i\000t\000y\000\040\000\050\000L\000i\000n\000e\000\040\0005\0001\0004\000\051}{section.9.19}% 374
\BOOKMARK [2][-]{subsection.9.19.36}{\376\377\000I\000n\000s\000t\000a\000n\000c\000e\000\040\000\050\000p\000r\000i\000o\000r\000i\000t\000y\000\040\000\050\000L\000i\000n\000e\000\040\0005\0002\0009\000\051}{section.9.19}% 375
\BOOKMARK [2][-]{subsection.9.19.37}{\376\377\000I\000n\000s\000t\000a\000n\000c\000e\000\040\000\050\000p\000r\000i\000o\000r\000i\000t\000y\000\040\000\050\000L\000i\000n\000e\000\040\0005\0004\0004\000\051}{section.9.19}% 376
\BOOKMARK [2][-]{subsection.9.19.38}{\376\377\000S\000t\000r\000u\000c\000t\000u\000r\000e\000\040\000S\000l\000i\000p\000V\000e\000r\000d\000i\000c\000t\000\040\000\050\000L\000i\000n\000e\000\040\0005\0006\0004\000\051}{section.9.19}% 377
\BOOKMARK [1][-]{section.9.20}{\376\377\000F\000i\000l\000e\000:\000\040\000E\000p\000i\000s\000o\000d\000e\0002\0001\000.\000l\000e\000a\000n}{chapter.9}% 378
\BOOKMARK [2][-]{subsection.9.20.1}{\376\377\000S\000t\000r\000u\000c\000t\000u\000r\000e\000\040\000B\000r\000a\000c\000k\000e\000t\000e\000d\000N\000u\000m\000b\000e\000r\000\040\000\050\000L\000i\000n\000e\000\040\0001\0007\000\051}{section.9.20}% 379
\BOOKMARK [1][-]{section.9.21}{\376\377\000F\000i\000l\000e\000:\000\040\000E\000p\000i\000s\000o\000d\000e\0002\0002\000.\000l\000e\000a\000n}{chapter.9}% 380
\BOOKMARK [2][-]{subsection.9.21.1}{\376\377\000I\000n\000d\000u\000c\000t\000i\000v\000e\000\040\000Q\000P\000h\000a\000s\000e\000\040\000\050\000L\000i\000n\000e\000\040\0001\0004\000\051}{section.9.21}% 381
\BOOKMARK [2][-]{subsection.9.21.2}{\376\377\000S\000t\000r\000u\000c\000t\000u\000r\000e\000\040\000R\000e\000c\000o\000v\000e\000r\000e\000d\000O\000b\000s\000e\000r\000v\000a\000b\000l\000e\000s\000\040\000\050\000L\000i\000n\000e\000\040\0003\0004\000\051}{section.9.21}% 382
\BOOKMARK [1][-]{section.9.22}{\376\377\000F\000i\000l\000e\000:\000\040\000E\000p\000i\000s\000o\000d\000e\0002\0005\000.\000l\000e\000a\000n}{chapter.9}% 383
\BOOKMARK [2][-]{subsection.9.22.1}{\376\377\000I\000n\000d\000u\000c\000t\000i\000v\000e\000\040\000C\000o\000m\000p\000i\000l\000e\000r\000T\000a\000p\000e\000C\000e\000l\000l\000\040\000\050\000L\000i\000n\000e\000\040\0002\0003\000\051}{section.9.22}% 384
\BOOKMARK [2][-]{subsection.9.22.2}{\376\377\000I\000n\000d\000u\000c\000t\000i\000v\000e\000\040\000C\000o\000r\000r\000i\000d\000o\000r\000F\000a\000c\000e\000\040\000\050\000L\000i\000n\000e\000\040\0001\0000\0001\000\051}{section.9.22}% 385
\BOOKMARK [2][-]{subsection.9.22.3}{\376\377\000S\000t\000r\000u\000c\000t\000u\000r\000e\000\040\000R\000o\000t\000a\000t\000e\000d\000C\000o\000r\000r\000i\000d\000o\000r\000R\000e\000a\000d\000\040\000\050\000L\000i\000n\000e\000\040\0001\0003\0008\000\051}{section.9.22}% 386
\BOOKMARK [2][-]{subsection.9.22.4}{\376\377\000S\000t\000r\000u\000c\000t\000u\000r\000e\000\040\000C\000o\000r\000r\000i\000d\000o\000r\000B\000i\000n\000R\000e\000p\000o\000r\000t\000\040\000\050\000L\000i\000n\000e\000\040\0002\0001\0003\000\051}{section.9.22}% 387
\BOOKMARK [2][-]{subsection.9.22.5}{\376\377\000S\000t\000r\000u\000c\000t\000u\000r\000e\000\040\000W\000h\000e\000e\000l\000S\000t\000i\000m\000u\000l\000u\000s\000R\000e\000a\000d\000\040\000\050\000L\000i\000n\000e\000\040\0002\0004\0003\000\051}{section.9.22}% 388
\BOOKMARK [2][-]{subsection.9.22.6}{\376\377\000S\000t\000r\000u\000c\000t\000u\000r\000e\000\040\000B\000u\000i\000l\000d\000G\000r\000a\000v\000i\000t\000y\000S\000l\000i\000p\000R\000e\000p\000o\000r\000t\000\040\000\050\000L\000i\000n\000e\000\040\0002\0006\0009\000\051}{section.9.22}% 389
\BOOKMARK [1][-]{section.9.23}{\376\377\000F\000i\000l\000e\000:\000\040\000E\000p\000i\000s\000o\000d\000e\0002\0006\000.\000l\000e\000a\000n}{chapter.9}% 390
\BOOKMARK [2][-]{subsection.9.23.1}{\376\377\000S\000t\000r\000u\000c\000t\000u\000r\000e\000\040\000A\000p\000p\000a\000r\000a\000t\000u\000s\000R\000a\000t\000i\000o\000\040\000\050\000L\000i\000n\000e\000\040\0002\0001\000\051}{section.9.23}% 391
\BOOKMARK [2][-]{subsection.9.23.2}{\376\377\000S\000t\000r\000u\000c\000t\000u\000r\000e\000\040\000C\000a\000v\000e\000n\000d\000i\000s\000h\000B\000a\000l\000a\000n\000c\000e\000R\000e\000p\000o\000r\000t\000\040\000\050\000L\000i\000n\000e\000\040\0007\0003\000\051}{section.9.23}% 392
\BOOKMARK [1][-]{section.9.24}{\376\377\000F\000i\000l\000e\000:\000\040\000E\000p\000i\000s\000o\000d\000e\0002\0007\000.\000l\000e\000a\000n}{chapter.9}% 393
\BOOKMARK [2][-]{subsection.9.24.1}{\376\377\000S\000t\000r\000u\000c\000t\000u\000r\000e\000\040\000Q\000u\000a\000n\000t\000u\000m\000G\000r\000a\000v\000i\000t\000y\000C\000e\000l\000l\000\040\000\050\000L\000i\000n\000e\000\040\0007\0003\000\051}{section.9.24}% 394
\BOOKMARK [2][-]{subsection.9.24.2}{\376\377\000S\000t\000r\000u\000c\000t\000u\000r\000e\000\040\000A\000l\000p\000h\000a\000T\000u\000n\000e\000R\000e\000p\000o\000r\000t\000\040\000\050\000L\000i\000n\000e\000\040\0009\0000\000\051}{section.9.24}% 395
\BOOKMARK [1][-]{section.9.25}{\376\377\000F\000i\000l\000e\000:\000\040\000E\000p\000i\000s\000o\000d\000e\0002\0008\000.\000l\000e\000a\000n}{chapter.9}% 396
\BOOKMARK [2][-]{subsection.9.25.1}{\376\377\000I\000n\000d\000u\000c\000t\000i\000v\000e\000\040\000P\000r\000o\000x\000i\000m\000i\000t\000y\000R\000e\000g\000i\000m\000e\000\040\000\050\000L\000i\000n\000e\000\040\0001\0007\000\051}{section.9.25}% 397
\BOOKMARK [2][-]{subsection.9.25.2}{\376\377\000S\000t\000r\000u\000c\000t\000u\000r\000e\000\040\000P\000r\000o\000x\000i\000m\000i\000t\000y\000R\000e\000a\000d\000\040\000\050\000L\000i\000n\000e\000\040\0005\0009\000\051}{section.9.25}% 398
\BOOKMARK [2][-]{subsection.9.25.3}{\376\377\000S\000t\000r\000u\000c\000t\000u\000r\000e\000\040\000P\000r\000o\000x\000i\000m\000i\000t\000y\000B\000r\000e\000a\000k\000R\000e\000p\000o\000r\000t\000\040\000\050\000L\000i\000n\000e\000\040\0009\0009\000\051}{section.9.25}% 399
\BOOKMARK [1][-]{section.9.26}{\376\377\000F\000i\000l\000e\000:\000\040\000E\000p\000i\000s\000o\000d\000e\0002\0009\000.\000l\000e\000a\000n}{chapter.9}% 400
\BOOKMARK [2][-]{subsection.9.26.1}{\376\377\000S\000t\000r\000u\000c\000t\000u\000r\000e\000\040\000R\000a\000t\000i\000o\000n\000a\000l\000D\000i\000s\000t\000a\000n\000c\000e\000\040\000\050\000L\000i\000n\000e\000\040\0002\0001\000\051}{section.9.26}% 401
\BOOKMARK [2][-]{subsection.9.26.2}{\376\377\000S\000t\000r\000u\000c\000t\000u\000r\000e\000\040\000S\000l\000i\000p\000B\000i\000s\000e\000c\000t\000S\000t\000e\000p\000\040\000\050\000L\000i\000n\000e\000\040\0007\0002\000\051}{section.9.26}% 402
\BOOKMARK [2][-]{subsection.9.26.3}{\376\377\000S\000t\000r\000u\000c\000t\000u\000r\000e\000\040\000S\000l\000i\000p\000B\000i\000s\000e\000c\000t\000B\000r\000a\000c\000k\000e\000t\000\040\000\050\000L\000i\000n\000e\000\040\0008\0004\000\051}{section.9.26}% 403
\BOOKMARK [2][-]{subsection.9.26.4}{\376\377\000S\000t\000r\000u\000c\000t\000u\000r\000e\000\040\000S\000l\000i\000p\000B\000i\000s\000e\000c\000t\000R\000e\000p\000o\000r\000t\000\040\000\050\000L\000i\000n\000e\000\040\0001\0002\0003\000\051}{section.9.26}% 404
\BOOKMARK [2][-]{subsection.9.26.5}{\376\377\000S\000t\000r\000u\000c\000t\000u\000r\000e\000\040\000S\000l\000i\000p\000B\000i\000s\000e\000c\000t\000S\000u\000m\000m\000a\000r\000y\000\040\000\050\000L\000i\000n\000e\000\040\0001\0005\0009\000\051}{section.9.26}% 405
\BOOKMARK [1][-]{section.9.27}{\376\377\000F\000i\000l\000e\000:\000\040\000E\000p\000i\000s\000o\000d\000e\0003\0000\000.\000l\000e\000a\000n}{chapter.9}% 406
\BOOKMARK [2][-]{subsection.9.27.1}{\376\377\000S\000t\000r\000u\000c\000t\000u\000r\000e\000\040\000S\000l\000i\000p\000P\000o\000i\000n\000t\000M\000o\000m\000e\000n\000t\000s\000\040\000\050\000L\000i\000n\000e\000\040\0008\0006\000\051}{section.9.27}% 407
\BOOKMARK [2][-]{subsection.9.27.2}{\376\377\000S\000t\000r\000u\000c\000t\000u\000r\000e\000\040\000C\000h\000a\000r\000g\000e\000M\000a\000s\000s\000N\000o\000r\000m\000a\000l\000i\000z\000a\000t\000i\000o\000n\000R\000e\000p\000o\000r\000t\000\040\000\050\000L\000i\000n\000e\000\040\0001\0000\0009\000\051}{section.9.27}% 408
\BOOKMARK [1][-]{section.9.28}{\376\377\000F\000i\000l\000e\000:\000\040\000E\000p\000i\000s\000o\000d\000e\0003\0001\000.\000l\000e\000a\000n}{chapter.9}% 409
\BOOKMARK [2][-]{subsection.9.28.1}{\376\377\000S\000t\000r\000u\000c\000t\000u\000r\000e\000\040\000M\000a\000g\000n\000e\000t\000i\000c\000N\000e\000e\000d\000l\000e\000R\000e\000p\000o\000r\000t\000\040\000\050\000L\000i\000n\000e\000\040\0003\0007\000\051}{section.9.28}% 410
\BOOKMARK [1][-]{section.9.29}{\376\377\000F\000i\000l\000e\000:\000\040\000E\000p\000i\000s\000o\000d\000e\0003\0002\000.\000l\000e\000a\000n}{chapter.9}% 411
\BOOKMARK [2][-]{subsection.9.29.1}{\376\377\000I\000n\000d\000u\000c\000t\000i\000v\000e\000\040\000C\000o\000o\000p\000e\000r\000E\000l\000e\000c\000t\000r\000o\000n\000O\000r\000b\000i\000t\000R\000e\000g\000i\000m\000e\000\040\000\050\000L\000i\000n\000e\000\040\0004\0003\000\051}{section.9.29}% 412
\BOOKMARK [2][-]{subsection.9.29.2}{\376\377\000S\000t\000r\000u\000c\000t\000u\000r\000e\000\040\000C\000o\000o\000p\000e\000r\000E\000l\000e\000c\000t\000r\000o\000n\000O\000r\000b\000i\000t\000R\000e\000a\000d\000\040\000\050\000L\000i\000n\000e\000\040\0006\0009\000\051}{section.9.29}% 413
\BOOKMARK [2][-]{subsection.9.29.3}{\376\377\000S\000t\000r\000u\000c\000t\000u\000r\000e\000\040\000C\000o\000o\000p\000e\000r\000E\000l\000e\000c\000t\000r\000o\000n\000O\000r\000b\000i\000t\000R\000e\000p\000o\000r\000t\000\040\000\050\000L\000i\000n\000e\000\040\0001\0001\0002\000\051}{section.9.29}% 414
\BOOKMARK [1][-]{section.9.30}{\376\377\000F\000i\000l\000e\000:\000\040\000E\000p\000i\000s\000o\000d\000e\0003\0003\000.\000l\000e\000a\000n}{chapter.9}% 415
\BOOKMARK [2][-]{subsection.9.30.1}{\376\377\000S\000t\000r\000u\000c\000t\000u\000r\000e\000\040\000R\000a\000t\000i\000o\000n\000a\000l\000R\000a\000d\000i\000u\000s\000\040\000\050\000L\000i\000n\000e\000\040\0002\0005\000\051}{section.9.30}% 416
\BOOKMARK [2][-]{subsection.9.30.2}{\376\377\000I\000n\000d\000u\000c\000t\000i\000v\000e\000\040\000L\000o\000r\000e\000n\000t\000z\000O\000r\000b\000i\000t\000R\000e\000g\000i\000m\000e\000\040\000\050\000L\000i\000n\000e\000\040\0006\0003\000\051}{section.9.30}% 417
\BOOKMARK [2][-]{subsection.9.30.3}{\376\377\000S\000t\000r\000u\000c\000t\000u\000r\000e\000\040\000L\000o\000r\000e\000n\000t\000z\000O\000r\000b\000i\000t\000R\000e\000a\000d\000\040\000\050\000L\000i\000n\000e\000\040\0007\0007\000\051}{section.9.30}% 418
\BOOKMARK [2][-]{subsection.9.30.4}{\376\377\000S\000t\000r\000u\000c\000t\000u\000r\000e\000\040\000L\000o\000r\000e\000n\000t\000z\000O\000r\000b\000i\000t\000B\000r\000a\000c\000k\000e\000t\000R\000e\000p\000o\000r\000t\000\040\000\050\000L\000i\000n\000e\000\040\0001\0001\0003\000\051}{section.9.30}% 419
\BOOKMARK [1][-]{section.9.31}{\376\377\000F\000i\000l\000e\000:\000\040\000E\000p\000i\000s\000o\000d\000e\0003\0004\000.\000l\000e\000a\000n}{chapter.9}% 420
\BOOKMARK [2][-]{subsection.9.31.1}{\376\377\000I\000n\000d\000u\000c\000t\000i\000v\000e\000\040\000A\000p\000p\000a\000r\000a\000t\000u\000s\000L\000a\000w\000\040\000\050\000L\000i\000n\000e\000\040\0001\0009\000\051}{section.9.31}% 421
\BOOKMARK [2][-]{subsection.9.31.2}{\376\377\000S\000t\000r\000u\000c\000t\000u\000r\000e\000\040\000D\000i\000r\000a\000c\000E\000x\000p\000e\000r\000i\000m\000e\000n\000t\000R\000e\000p\000o\000r\000t\000\040\000\050\000L\000i\000n\000e\000\040\0007\0003\000\051}{section.9.31}% 422
\BOOKMARK [1][-]{section.9.32}{\376\377\000F\000i\000l\000e\000:\000\040\000E\000p\000i\000s\000o\000d\000e\0003\0005\000.\000l\000e\000a\000n}{chapter.9}% 423
\BOOKMARK [2][-]{subsection.9.32.1}{\376\377\000S\000t\000r\000u\000c\000t\000u\000r\000e\000\040\000S\000l\000i\000p\000G\000r\000i\000d\000C\000e\000l\000l\000\040\000\050\000L\000i\000n\000e\000\040\0004\0006\000\051}{section.9.32}% 424
\BOOKMARK [2][-]{subsection.9.32.2}{\376\377\000S\000t\000r\000u\000c\000t\000u\000r\000e\000\040\000D\000y\000a\000d\000i\000c\000S\000l\000i\000p\000B\000r\000a\000c\000k\000e\000t\000\040\000\050\000L\000i\000n\000e\000\040\0009\0002\000\051}{section.9.32}% 425
\BOOKMARK [2][-]{subsection.9.32.3}{\376\377\000S\000t\000r\000u\000c\000t\000u\000r\000e\000\040\000G\000r\000i\000d\000S\000l\000i\000p\000B\000i\000s\000e\000c\000t\000S\000u\000m\000m\000a\000r\000y\000\040\000\050\000L\000i\000n\000e\000\040\0001\0003\0009\000\051}{section.9.32}% 426
\BOOKMARK [1][-]{section.9.33}{\376\377\000F\000i\000l\000e\000:\000\040\000E\000p\000i\000s\000o\000d\000e\0003\0006\000.\000l\000e\000a\000n}{chapter.9}% 427
\BOOKMARK [2][-]{subsection.9.33.1}{\376\377\000S\000t\000r\000u\000c\000t\000u\000r\000e\000\040\000F\000o\000r\000c\000e\000M\000e\000a\000s\000u\000r\000e\000d\000G\000R\000e\000p\000o\000r\000t\000\040\000\050\000L\000i\000n\000e\000\040\0002\0007\000\051}{section.9.33}% 428
\BOOKMARK [1][-]{section.9.34}{\376\377\000F\000i\000l\000e\000:\000\040\000E\000p\000i\000s\000o\000d\000e\0003\0007\000.\000l\000e\000a\000n}{chapter.9}% 429
\BOOKMARK [2][-]{subsection.9.34.1}{\376\377\000I\000n\000d\000u\000c\000t\000i\000v\000e\000\040\000E\000l\000a\000b\000o\000r\000a\000t\000i\000o\000n\000C\000h\000a\000r\000g\000e\000O\000r\000i\000e\000n\000t\000a\000t\000i\000o\000n\000\040\000\050\000L\000i\000n\000e\000\040\0001\0005\000\051}{section.9.34}% 430
\BOOKMARK [2][-]{subsection.9.34.2}{\376\377\000S\000t\000r\000u\000c\000t\000u\000r\000e\000\040\000E\000l\000e\000c\000t\000r\000o\000n\000E\000l\000a\000b\000o\000r\000a\000t\000i\000o\000n\000C\000h\000a\000r\000g\000e\000R\000e\000p\000o\000r\000t\000\040\000\050\000L\000i\000n\000e\000\040\0004\0005\000\051}{section.9.34}% 431
\BOOKMARK [1][-]{section.9.35}{\376\377\000F\000i\000l\000e\000:\000\040\000E\000p\000i\000s\000o\000d\000e\0003\0008\000.\000l\000e\000a\000n}{chapter.9}% 432
\BOOKMARK [2][-]{subsection.9.35.1}{\376\377\000S\000t\000r\000u\000c\000t\000u\000r\000e\000\040\000S\000l\000i\000p\000P\000o\000i\000n\000t\000C\000h\000a\000r\000g\000e\000R\000e\000p\000o\000r\000t\000\040\000\050\000L\000i\000n\000e\000\040\0003\0005\000\051}{section.9.35}% 433
\BOOKMARK [1][-]{section.9.36}{\376\377\000F\000i\000l\000e\000:\000\040\000E\000p\000i\000s\000o\000d\000e\0003\0009\000.\000l\000e\000a\000n}{chapter.9}% 434
\BOOKMARK [2][-]{subsection.9.36.1}{\376\377\000I\000n\000d\000u\000c\000t\000i\000v\000e\000\040\000C\000h\000a\000r\000g\000e\000S\000e\000c\000o\000n\000d\000V\000a\000r\000i\000a\000t\000i\000o\000n\000C\000h\000a\000n\000n\000e\000l\000\040\000\050\000L\000i\000n\000e\000\040\0001\0006\000\051}{section.9.36}% 435
\BOOKMARK [2][-]{subsection.9.36.2}{\376\377\000S\000t\000r\000u\000c\000t\000u\000r\000e\000\040\000C\000h\000a\000r\000g\000e\000S\000e\000c\000o\000n\000d\000V\000a\000r\000i\000a\000t\000i\000o\000n\000C\000o\000m\000p\000o\000n\000e\000n\000t\000\040\000\050\000L\000i\000n\000e\000\040\0002\0003\000\051}{section.9.36}% 436
\BOOKMARK [2][-]{subsection.9.36.3}{\376\377\000S\000t\000r\000u\000c\000t\000u\000r\000e\000\040\000C\000h\000a\000r\000g\000e\000S\000e\000c\000o\000n\000d\000V\000a\000r\000i\000a\000t\000i\000o\000n\000R\000e\000p\000o\000r\000t\000\040\000\050\000L\000i\000n\000e\000\040\0005\0007\000\051}{section.9.36}% 437
\BOOKMARK [1][-]{section.9.37}{\376\377\000F\000i\000l\000e\000:\000\040\000E\000p\000i\000s\000o\000d\000e\0004\0000\000.\000l\000e\000a\000n}{chapter.9}% 438
\BOOKMARK [2][-]{subsection.9.37.1}{\376\377\000S\000t\000r\000u\000c\000t\000u\000r\000e\000\040\000A\000l\000p\000h\000a\000S\000e\000c\000o\000n\000d\000V\000a\000r\000i\000a\000t\000i\000o\000n\000R\000e\000p\000o\000r\000t\000\040\000\050\000L\000i\000n\000e\000\040\0004\0000\000\051}{section.9.37}% 439
\BOOKMARK [1][-]{section.9.38}{\376\377\000F\000i\000l\000e\000:\000\040\000T\000w\000o\000D\000e\000s\000c\000r\000i\000p\000t\000i\000o\000n\000s\000.\000l\000e\000a\000n}{chapter.9}% 440
\BOOKMARK [2][-]{subsection.9.38.1}{\376\377\000I\000n\000d\000u\000c\000t\000i\000v\000e\000\040\000S\000p\000i\000n\000\040\000\050\000L\000i\000n\000e\000\040\0002\0006\000\051}{section.9.38}% 441
\BOOKMARK [2][-]{subsection.9.38.2}{\376\377\000I\000n\000d\000u\000c\000t\000i\000v\000e\000\040\000O\000r\000i\000e\000n\000t\000a\000t\000i\000o\000n\000\040\000\050\000L\000i\000n\000e\000\040\0003\0002\000\051}{section.9.38}% 442
\BOOKMARK [2][-]{subsection.9.38.3}{\376\377\000S\000t\000r\000u\000c\000t\000u\000r\000e\000\040\000L\000e\000g\000\040\000\050\000L\000i\000n\000e\000\040\0003\0008\000\051}{section.9.38}% 443
